DATE,SP500,DJIA,NASDAQ100
2014-09-08,2001.54,17111.42,4095.47
2014-09-09,1988.44,17013.87,4061.88
2014-09-10,1995.69,17068.71,4094.97
2014-09-11,1997.45,17049.0,4092.65
2014-09-12,1985.54,16987.51,4069.23
2014-09-15,1984.13,17031.14,4029.89
2014-09-16,1998.98,17131.97,4067.27
2014-09-17,2001.57,17156.85,4073.57
2014-09-18,2011.36,17265.99,4103.08
2014-09-19,2010.4,17279.74,4100.09
2014-09-22,1994.29,17172.68,4061.23
2014-09-23,1982.77,17055.87,4051.57
2014-09-24,1998.3,17210.06,4094.31
2014-09-25,1965.99,16945.8,4007.82
2014-09-26,1982.85,17113.15,4053.72
2014-09-29,1977.8,17071.22,4047.18
2014-09-30,1972.29,17042.9,4049.44
2014-10-01,1946.16,16804.71,3984.74
2014-10-02,1946.17,16801.05,3985.87
2014-10-03,1967.9,17009.69,4027.31
2014-10-06,1964.82,16991.91,4016.27
2014-10-07,1935.1,16719.39,3958.59
2014-10-08,1968.89,16994.22,4041.12
2014-10-09,1928.21,16659.25,3969.32
2014-10-10,1906.13,16544.1,3870.86
2014-10-13,1874.74,16321.07,3808.0
2014-10-14,1877.7,16315.19,3810.45
2014-10-15,1862.49,16141.74,3785.97
2014-10-16,1862.76,16117.24,3765.28
2014-10-17,1886.76,16380.41,3815.47
2014-10-20,1904.01,16399.67,3870.08
2014-10-21,1941.28,16614.81,3971.39
2014-10-22,1927.11,16461.32,3949.59
2014-10-23,1950.82,16677.9,4012.27
2014-10-24,1964.58,16805.41,4042.02
2014-10-27,1961.63,16817.94,4046.02
2014-10-28,1985.05,17005.75,4106.63
2014-10-29,1982.3,16974.31,4090.55
2014-10-30,1994.65,17195.42,4100.64
2014-10-31,2018.05,17390.52,4158.21
2014-11-03,2017.81,17366.24,4169.28
2014-11-04,2012.1,17383.84,4156.23
2014-11-05,2023.57,17484.53,4153.27
2014-11-06,2031.21,17554.47,4164.08
2014-11-07,2031.92,17573.93,4160.51
2014-11-10,2038.26,17613.74,4175.95
2014-11-11,2039.68,17614.9,4187.16
2014-11-12,2038.25,17612.2,4195.4
2014-11-13,2039.33,17652.79,4213.49
2014-11-14,2039.82,17634.74,4224.99
2014-11-17,2041.32,17647.75,4213.79
2014-11-18,2051.8,17687.82,4242.19
2014-11-19,2048.72,17685.73,4222.66
2014-11-20,2052.75,17719.0,4242.09
2014-11-21,2063.5,17810.06,4251.32
2014-11-24,2069.41,17817.9,4284.32
2014-11-25,2067.03,17814.94,4288.23
2014-11-26,2072.83,17827.75,4317.99
2014-11-27,,,
2014-11-28,2067.56,17828.24,4337.78
2014-12-01,2053.44,17776.8,4287.81
2014-12-02,2066.55,17879.55,4305.96
2014-12-03,2074.33,17912.62,4312.93
2014-12-04,2071.92,17900.1,4311.93
2014-12-05,2075.37,17958.79,4311.57
2014-12-08,2060.31,17852.48,4278.34
2014-12-09,2059.82,17801.2,4294.67
2014-12-10,2026.14,17533.15,4224.87
2014-12-11,2035.33,17596.34,4246.48
2014-12-12,2002.33,17280.83,4199.28
2014-12-15,1989.63,17180.84,4157.42
2014-12-16,1972.74,17068.87,4089.6
2014-12-17,2012.89,17356.87,4165.1
2014-12-18,2061.23,17778.15,4267.77
2014-12-19,2070.65,17804.8,4281.78
2014-12-22,2078.54,17959.44,4293.67
2014-12-23,2082.17,18024.17,4279.3
2014-12-24,2081.88,18030.21,4283.1
2014-12-25,,,
2014-12-26,2088.77,18053.71,4314.09
2014-12-29,2090.57,18038.23,4312.64
2014-12-30,2080.35,17983.07,4282.35
2014-12-31,2058.9,17823.07,4236.28
2015-01-01,,,
2015-01-02,2058.2,17832.99,4230.24
2015-01-05,2020.58,17501.65,4160.96
2015-01-06,2002.61,17371.64,4110.83
2015-01-07,2025.9,17584.52,4160.0
2015-01-08,2062.14,17907.87,4240.55
2015-01-09,2044.81,17737.37,4213.28
2015-01-12,2028.26,17640.84,4169.97
2015-01-13,2023.03,17613.68,4166.2
2015-01-14,2011.27,17427.09,4145.84
2015-01-15,1992.67,17320.71,4089.65
2015-01-16,2019.42,17511.57,4142.14
2015-01-19,,,
2015-01-20,2022.55,17515.23,4171.21
2015-01-21,2032.12,17554.28,4192.09
2015-01-22,2063.15,17813.98,4270.36
2015-01-23,2051.82,17672.6,4278.14
2015-01-26,2057.09,17678.7,4275.72
2015-01-27,2029.55,17387.21,4165.5
2015-01-28,2002.16,17191.37,4140.38
2015-01-29,2021.25,17416.85,4181.35
2015-01-30,1994.99,17164.95,4148.43
2015-02-02,2020.85,17361.04,4188.59
2015-02-03,2050.03,17666.4,4229.15
2015-02-04,2041.51,17673.02,4221.2
2015-02-05,2062.52,17884.88,4256.18
2015-02-06,2055.47,17824.29,4228.68
2015-02-09,2046.74,17729.21,4216.09
2015-02-10,2068.59,17868.76,4281.16
2015-02-11,2068.53,17862.14,4296.43
2015-02-12,2088.48,17972.38,4347.97
2015-02-13,2096.99,18019.35,4384.03
2015-02-16,,,
2015-02-17,2100.34,18047.58,4385.34
2015-02-18,2099.68,18029.85,4390.91
2015-02-19,2097.45,17985.77,4411.86
2015-02-20,2110.3,18140.44,4443.05
2015-02-23,2109.66,18116.84,4449.49
2015-02-24,2115.48,18209.19,4451.03
2015-02-25,2113.86,18224.57,4440.59
2015-02-26,2110.74,18214.42,4462.27
2015-02-27,2104.5,18132.7,4440.67
2015-03-02,2117.39,18288.63,4483.05
2015-03-03,2107.78,18203.37,4458.78
2015-03-04,2098.53,18096.9,4445.36
2015-03-05,2101.04,18135.72,4452.06
2015-03-06,2071.26,17856.78,4399.23
2015-03-09,2079.43,17995.72,4412.99
2015-03-10,2044.16,17662.94,4329.08
2015-03-11,2040.24,17635.39,4305.38
2015-03-12,2065.95,17895.22,4336.23
2015-03-13,2053.4,17749.31,4314.9
2015-03-16,2081.19,17977.42,4370.47
2015-03-17,2074.28,17849.08,4375.63
2015-03-18,2099.5,18076.19,4422.5
2015-03-19,2089.27,17959.03,4426.82
2015-03-20,2108.1,18127.65,4458.54
2015-03-23,2104.42,18116.04,4445.54
2015-03-24,2091.5,18011.14,4430.99
2015-03-25,2061.05,17718.54,4329.29
2015-03-26,2056.15,17678.23,4315.26
2015-03-27,2061.02,17712.66,4332.86
2015-03-30,2086.24,17976.31,4382.82
2015-03-31,2067.89,17776.12,4333.69
2015-04-01,2059.69,17698.18,4311.26
2015-04-02,2066.96,17763.24,4316.01
2015-04-03,,,
2015-04-06,2080.62,17880.85,4350.98
2015-04-07,2076.33,17875.42,4344.08
2015-04-08,2081.9,17902.51,4375.96
2015-04-09,2091.18,17958.73,4403.95
2015-04-10,2102.06,18057.65,4422.02
2015-04-13,2092.43,17977.04,4409.21
2015-04-14,2095.84,18036.7,4397.65
2015-04-15,2106.63,18112.61,4424.53
2015-04-16,2104.99,18105.77,4418.83
2015-04-17,2081.18,17826.3,4351.8
2015-04-20,2100.4,18034.93,4417.4
2015-04-21,2097.29,17949.59,4435.98
2015-04-22,2107.96,18038.27,4460.81
2015-04-23,2112.93,18058.69,4477.07
2015-04-24,2117.69,18080.14,4536.78
2015-04-27,2108.92,18037.97,4525.04
2015-04-28,2114.76,18110.14,4515.27
2015-04-29,2106.85,18035.53,4488.15
2015-04-30,2085.51,17840.52,4414.25
2015-05-01,2108.29,18024.06,4479.06
2015-05-04,2114.49,18070.4,4482.61
2015-05-05,2089.46,17928.2,4409.39
2015-05-06,2080.15,17841.98,4379.75
2015-05-07,2088.0,17924.06,4401.55
2015-05-08,2116.1,18191.11,4458.65
2015-05-11,2105.33,18105.17,4438.64
2015-05-12,2099.12,18068.23,4420.65
2015-05-13,2098.48,18060.49,4426.56
2015-05-14,2121.1,18252.24,4495.04
2015-05-15,2122.73,18272.56,4494.29
2015-05-18,2129.2,18298.88,4512.95
2015-05-19,2127.83,18312.39,4503.72
2015-05-20,2125.85,18285.4,4505.3
2015-05-21,2130.82,18285.74,4529.47
2015-05-22,2126.06,18232.02,4527.16
2015-05-25,,,
2015-05-26,2104.2,18041.54,4472.96
2015-05-27,2123.48,18162.99,4546.06
2015-05-28,2120.79,18126.12,4535.66
2015-05-29,2107.39,18010.68,4508.25
2015-06-01,2111.73,18040.37,4521.85
2015-06-02,2109.6,18011.94,4508.89
2015-06-03,2114.07,18076.27,4519.86
2015-06-04,2095.84,17905.58,4487.03
2015-06-05,2092.83,17849.46,4477.19
2015-06-08,2079.28,17766.55,4431.51
2015-06-09,2080.15,17764.04,4427.61
2015-06-10,2105.2,18000.4,4485.46
2015-06-11,2108.86,18039.37,4488.47
2015-06-12,2094.11,17898.84,4453.79
2015-06-15,2084.43,17791.17,4432.92
2015-06-16,2096.29,17904.48,4455.9
2015-06-17,2100.44,17935.74,4468.98
2015-06-18,2121.24,18115.84,4531.85
2015-06-19,2109.99,18015.95,4513.42
2015-06-22,2122.85,18119.78,4544.04
2015-06-23,2124.2,18144.07,4548.74
2015-06-24,2108.58,17966.07,4524.6
2015-06-25,2102.31,17890.36,4514.01
2015-06-26,2101.49,17946.68,4484.28
2015-06-29,2057.64,17596.35,4379.86
2015-06-30,2063.11,17619.51,4396.76
2015-07-01,2077.42,17757.91,4429.23
2015-07-02,2076.78,17730.11,4433.39
2015-07-03,,,
2015-07-06,2068.76,17683.58,4418.66
2015-07-07,2081.34,17776.91,4429.06
2015-07-08,2046.68,17515.42,4351.58
2015-07-09,2051.31,17548.62,4352.03
2015-07-10,2076.62,17760.41,4420.15
2015-07-13,2099.6,17977.68,4494.47
2015-07-14,2108.95,18053.58,4523.47
2015-07-15,2107.4,18050.17,4528.36
2015-07-16,2124.29,18120.25,4594.9
2015-07-17,2126.64,18086.45,4661.6
2015-07-20,2128.28,18100.41,4679.68
2015-07-21,2119.21,17919.29,4674.41
2015-07-22,2114.15,17851.04,4623.24
2015-07-23,2102.15,17731.92,4602.83
2015-07-24,2079.65,17568.53,4557.37
2015-07-27,2067.64,17440.59,4519.09
2015-07-28,2093.25,17630.27,4560.23
2015-07-29,2108.57,17751.39,4581.6
2015-07-30,2108.63,17745.98,4598.59
2015-07-31,2103.84,17689.86,4588.91
2015-08-03,2098.04,17598.2,4580.46
2015-08-04,2093.32,17550.69,4567.47
2015-08-05,2099.84,17540.47,4602.24
2015-08-06,2083.56,17419.75,4528.51
2015-08-07,2077.57,17373.38,4520.08
2015-08-10,2104.18,17615.17,4573.11
2015-08-11,2084.07,17402.84,4513.99
2015-08-12,2086.05,17402.51,4528.19
2015-08-13,2083.39,17408.25,4519.32
2015-08-14,2091.54,17477.4,4530.74
2015-08-17,2102.44,17545.18,4566.37
2015-08-18,2096.92,17511.34,4542.07
2015-08-19,2079.61,17348.73,4510.9
2015-08-20,2035.73,16990.69,4385.13
2015-08-21,1970.89,16459.75,4197.27
2015-08-24,1893.21,15871.35,4038.6
2015-08-25,1867.61,15666.44,4016.32
2015-08-26,1940.51,16285.51,4219.6
2015-08-27,1987.66,16654.77,4324.82
2015-08-28,1988.87,16643.01,4329.12
2015-08-31,1972.18,16528.03,4274.58
2015-09-01,1913.85,16058.35,4142.63
2015-09-02,1948.86,16351.38,4256.23
2015-09-03,1951.13,16374.76,4234.65
2015-09-04,1921.22,16102.38,4184.72
2015-09-07,,,
2015-09-08,1969.41,16492.68,4303.53
2015-09-09,1942.04,16253.57,4253.45
2015-09-10,1952.29,16330.4,4296.3
2015-09-11,1961.05,16433.09,4323.23
2015-09-14,1953.03,16370.96,4308.76
2015-09-15,1978.09,16599.85,4360.28
2015-09-16,1995.31,16739.95,4383.67
2015-09-17,1990.2,16674.74,4384.96
2015-09-18,1958.03,16384.58,4323.86
2015-09-21,1966.97,16510.19,4336.13
2015-09-22,1942.74,16330.47,4274.1
2015-09-23,1938.76,16279.89,4273.53
2015-09-24,1932.24,16201.32,4261.1
2015-09-25,1931.34,16314.67,4224.74
2015-09-28,1881.77,16001.89,4103.47
2015-09-29,1884.09,16049.13,4083.37
2015-09-30,1920.03,16284.7,4181.06
2015-10-01,1923.82,16272.01,4192.96
2015-10-02,1951.36,16472.37,4267.45
2015-10-05,1987.05,16776.43,4331.43
2015-10-06,1979.92,16790.19,4306.7
2015-10-07,1995.83,16912.29,4333.46
2015-10-08,2013.43,17050.75,4350.15
2015-10-09,2014.89,17084.49,4370.01
2015-10-12,2017.46,17131.86,4382.56
2015-10-13,2003.69,17081.89,4352.94
2015-10-14,1994.24,16924.75,4346.92
2015-10-15,2023.86,17141.75,4418.22
2015-10-16,2033.11,17215.97,4438.62
2015-10-19,2033.66,17230.54,4462.07
2015-10-20,2030.77,17217.11,4438.18
2015-10-21,2018.94,17168.61,4413.52
2015-10-22,2052.51,17489.16,4503.22
2015-10-23,2075.15,17646.7,4624.09
2015-10-26,2071.18,17623.05,4630.85
2015-10-27,2065.89,17581.43,4639.23
2015-10-28,2090.35,17779.52,4678.58
2015-10-29,2089.41,17755.8,4670.77
2015-10-30,2079.36,17663.54,4648.83
2015-11-02,2104.05,17828.76,4703.92
2015-11-03,2109.79,17918.15,4719.05
2015-11-04,2102.31,17867.58,4717.55
2015-11-05,2099.93,17863.43,4702.9
2015-11-06,2099.2,17910.33,4707.23
2015-11-09,2078.58,17730.48,4655.52
2015-11-10,2081.72,17758.21,4641.73
2015-11-11,2075.0,17702.22,4636.94
2015-11-12,2045.97,17448.07,4588.93
2015-11-13,2023.04,17245.24,4502.14
2015-11-16,2053.19,17483.01,4565.47
2015-11-17,2050.44,17489.5,4565.82
2015-11-18,2083.58,17737.16,4653.44
2015-11-19,2081.24,17732.75,4655.35
2015-11-20,2089.17,17823.81,4686.36
2015-11-23,2086.59,17792.68,4674.79
2015-11-24,2089.14,17812.19,4669.41
2015-11-25,2088.87,17813.39,4672.88
2015-11-26,,,
2015-11-27,2090.11,17798.49,4680.47
2015-11-30,2080.41,17719.92,4664.51
2015-12-01,2102.63,17888.35,4716.16
2015-12-02,2079.51,17729.68,4686.22
2015-12-03,2049.62,17477.67,4606.75
2015-12-04,2091.69,17847.63,4716.12
2015-12-07,2077.07,17730.51,4693.62
2015-12-08,2063.59,17568.0,4694.77
2015-12-09,2047.62,17492.3,4622.14
2015-12-10,2052.23,17574.75,4643.05
2015-12-11,2012.37,17265.21,4537.56
2015-12-14,2021.94,17368.5,4570.16
2015-12-15,2043.41,17524.91,4597.33
2015-12-16,2073.07,17749.09,4664.56
2015-12-17,2041.89,17495.84,4598.14
2015-12-18,2005.55,17128.55,4514.83
2015-12-21,2021.15,17251.62,4560.55
2015-12-22,2038.97,17417.27,4589.26
2015-12-23,2064.29,17602.61,4624.59
2015-12-24,2060.99,17552.17,4622.77
2015-12-25,,,
2015-12-28,2056.5,17528.27,4621.35
2015-12-29,2078.36,17720.98,4691.08
2015-12-30,2063.36,17603.87,4652.01
2015-12-31,2043.94,17425.03,4593.27
2016-01-01,,,
2016-01-04,2012.66,17148.94,4497.86
2016-01-05,2016.71,17158.66,4484.18
2016-01-06,1990.26,16906.51,4443.99
2016-01-07,1943.09,16514.1,4305.72
2016-01-08,1922.03,16346.45,4270.78
2016-01-11,1923.67,16398.57,4283.55
2016-01-12,1938.68,16516.22,4333.72
2016-01-13,1890.28,16151.41,4183.12
2016-01-14,1921.84,16379.05,4272.97
2016-01-15,1880.33,15988.08,4141.08
2016-01-18,,,
2016-01-19,1881.33,16016.02,4147.07
2016-01-20,1859.33,15766.74,4136.28
2016-01-21,1868.99,15882.68,4142.6
2016-01-22,1906.9,16093.51,4259.77
2016-01-25,1877.08,15885.22,4196.53
2016-01-26,1903.63,16167.23,4233.85
2016-01-27,1882.95,15944.46,4128.86
2016-01-28,1893.36,16069.64,4186.06
2016-01-29,1940.24,16466.3,4279.17
2016-02-01,1939.38,16449.18,4286.56
2016-02-02,1903.03,16153.54,4193.1
2016-02-03,1912.53,16336.66,4171.97
2016-02-04,1915.45,16416.58,4167.77
2016-02-05,1880.05,16204.97,4024.47
2016-02-08,1853.44,16027.05,3960.67
2016-02-09,1852.21,16014.38,3947.8
2016-02-10,1851.86,15914.74,3966.28
2016-02-11,1829.08,15660.18,3962.22
2016-02-12,1864.78,15973.84,4019.19
2016-02-15,,,
2016-02-16,1895.58,16196.41,4104.33
2016-02-17,1926.82,16453.83,4199.1
2016-02-18,1917.83,16413.43,4151.49
2016-02-19,1917.78,16391.99,4164.09
2016-02-22,1945.5,16620.66,4231.27
2016-02-23,1921.27,16431.78,4162.54
2016-02-24,1929.8,16484.99,4200.66
2016-02-25,1951.7,16697.29,4241.06
2016-02-26,1948.05,16639.97,4235.62
2016-02-29,1932.23,16516.5,4201.12
2016-03-01,1978.35,16865.08,4333.61
2016-03-02,1986.45,16899.32,4334.39
2016-03-03,1993.4,16943.9,4325.86
2016-03-04,1999.99,17006.77,4329.0
2016-03-07,2001.76,17073.95,4303.33
2016-03-08,1979.26,16964.1,4265.51
2016-03-09,1989.26,17000.36,4293.23
2016-03-10,1989.57,16995.13,4286.97
2016-03-11,2022.19,17213.31,4361.83
2016-03-14,2019.64,17229.13,4367.33
2016-03-15,2015.93,17251.53,4367.08
2016-03-16,2027.22,17325.76,4404.2
2016-03-17,2040.59,17481.49,4400.26
2016-03-18,2049.58,17602.3,4410.83
2016-03-21,2051.6,17623.87,4426.98
2016-03-22,2049.8,17582.57,4437.62
2016-03-23,2036.71,17502.59,4402.56
2016-03-24,2035.94,17515.73,4405.53
2016-03-25,,,
2016-03-28,2037.05,17535.39,4398.07
2016-03-29,2055.01,17633.11,4467.72
2016-03-30,2063.95,17716.66,4490.88
2016-03-31,2059.74,17685.09,4483.66
2016-04-01,2072.78,17792.75,4532.08
2016-04-04,2066.13,17737.0,4511.7
2016-04-05,2045.17,17603.32,4470.75
2016-04-06,2066.66,17716.05,4543.78
2016-04-07,2041.91,17541.96,4475.29
2016-04-08,2047.6,17576.96,4474.93
2016-04-11,2041.99,17556.41,4458.71
2016-04-12,2061.72,17721.25,4496.04
2016-04-13,2082.42,17908.28,4554.72
2016-04-14,2082.78,17926.43,4554.62
2016-04-15,2080.73,17897.46,4543.16
2016-04-18,2094.34,18004.16,4569.31
2016-04-19,2100.8,18053.6,4537.09
2016-04-20,2102.4,18096.27,4540.44
2016-04-21,2091.48,17982.52,4540.8
2016-04-22,2091.58,18003.75,4474.19
2016-04-25,2087.79,17977.24,4474.13
2016-04-26,2091.7,17990.32,4452.97
2016-04-27,2095.15,18041.55,4416.63
2016-04-28,2075.81,17830.76,4363.99
2016-04-29,2065.3,17773.64,4341.3
2016-05-02,2081.43,17891.16,4381.3
2016-05-03,2063.37,17750.91,4341.39
2016-05-04,2051.12,17651.26,4312.01
2016-05-05,2050.63,17660.71,4309.48
2016-05-06,2057.14,17740.63,4330.17
2016-05-09,2058.69,17705.91,4341.23
2016-05-10,2084.39,17928.35,4402.04
2016-05-11,2064.46,17711.12,4361.03
2016-05-12,2064.11,17720.5,4342.81
2016-05-13,2046.61,17535.32,4326.53
2016-05-16,2066.66,17710.71,4380.48
2016-05-17,2047.21,17529.98,4322.56
2016-05-18,2047.63,17526.62,4338.23
2016-05-19,2040.04,17435.4,4315.58
2016-05-20,2052.32,17500.94,4362.9
2016-05-23,2048.04,17492.93,4355.1
2016-05-24,2076.06,17706.05,4444.3
2016-05-25,2090.54,17851.51,4476.43
2016-05-26,2090.1,17828.29,4487.96
2016-05-27,2099.06,17873.22,4512.54
2016-05-30,,,
2016-05-31,2096.96,17787.2,4523.89
2016-06-01,2099.33,17789.67,4520.07
2016-06-02,2105.26,17838.56,4531.35
2016-06-03,2099.13,17807.06,4509.79
2016-06-06,2109.41,17920.33,4523.63
2016-06-07,2112.13,17938.28,4513.09
2016-06-08,2119.12,18005.05,4520.63
2016-06-09,2115.48,17985.19,4512.69
2016-06-10,2096.07,17865.34,4461.05
2016-06-13,2079.06,17732.48,4422.76
2016-06-14,2075.32,17674.82,4424.91
2016-06-15,2071.5,17640.17,4409.51
2016-06-16,2077.99,17733.1,4424.23
2016-06-17,2071.22,17675.16,4374.38
2016-06-20,2083.25,17804.87,4400.16
2016-06-21,2088.9,17829.73,4413.4
2016-06-22,2085.45,17780.83,4404.73
2016-06-23,2113.32,18011.07,4467.48
2016-06-24,2037.41,17400.75,4285.7
2016-06-27,2000.54,17140.24,4201.05
2016-06-28,2036.09,17409.72,4290.47
2016-06-29,2070.77,17694.68,4364.74
2016-06-30,2098.86,17929.99,4417.7
2016-07-01,2102.95,17949.37,4437.44
2016-07-04,,,
2016-07-05,2088.55,17840.62,4410.75
2016-07-06,2099.73,17918.62,4444.7
2016-07-07,2097.9,17895.88,4459.58
2016-07-08,2129.9,18146.74,4528.36
2016-07-11,2137.16,18226.93,4554.71
2016-07-12,2152.14,18347.67,4577.61
2016-07-13,2152.43,18372.12,4565.77
2016-07-14,2163.75,18506.41,4596.49
2016-07-15,2161.74,18516.55,4589.83
2016-07-18,2166.89,18533.05,4619.68
2016-07-19,2163.78,18559.01,4603.28
2016-07-20,2173.02,18595.03,4657.2
2016-07-21,2165.17,18517.23,4647.02
2016-07-22,2175.03,18570.85,4666.07
2016-07-25,2168.48,18493.06,4665.93
2016-07-26,2169.18,18473.75,4672.11
2016-07-27,2166.58,18472.17,4702.88
2016-07-28,2170.06,18456.35,4721.41
2016-07-29,2173.6,18432.24,4730.23
2016-08-01,2170.84,18404.51,4756.04
2016-08-02,2157.03,18313.77,4719.21
2016-08-03,2163.79,18355.0,4734.33
2016-08-04,2164.25,18352.05,4743.81
2016-08-05,2182.87,18543.53,4791.21
2016-08-08,2180.89,18529.29,4784.74
2016-08-09,2181.74,18533.05,4795.75
2016-08-10,2175.49,18495.66,4783.39
2016-08-11,2185.79,18613.52,4803.31
2016-08-12,2184.05,18576.47,4807.08
2016-08-15,2190.15,18636.05,4827.12
2016-08-16,2178.15,18552.02,4797.19
2016-08-17,2182.22,18573.94,4805.45
2016-08-18,2187.02,18597.7,4808.68
2016-08-19,2183.87,18552.57,4806.14
2016-08-22,2182.64,18529.42,4808.56
2016-08-23,2186.9,18547.3,4818.48
2016-08-24,2175.44,18481.48,4783.49
2016-08-25,2172.47,18448.41,4775.43
2016-08-26,2169.04,18395.4,4783.69
2016-08-29,2180.38,18502.99,4791.09
2016-08-30,2176.12,18454.3,4776.0
2016-08-31,2170.95,18400.88,4771.05
2016-09-01,2170.86,18419.3,4783.94
2016-09-02,2179.98,18491.96,4798.74
2016-09-05,,,
2016-09-06,2186.48,18538.12,4829.51
2016-09-07,2186.16,18526.14,4831.86
2016-09-08,2181.3,18479.91,4804.0
2016-09-09,2127.81,18085.45,4681.54
2016-09-12,2159.04,18325.07,4764.65
2016-09-13,2127.02,18066.75,4722.84
2016-09-14,2125.77,18034.77,4746.06
2016-09-15,2147.26,18212.48,4819.9
2016-09-16,2139.16,18123.8,4818.05
2016-09-19,2139.12,18120.17,4796.07
2016-09-20,2139.76,18129.96,4805.22
2016-09-21,2163.12,18293.7,4853.75
2016-09-22,2177.18,18392.46,4891.36
2016-09-23,2164.69,18261.45,4858.91
2016-09-26,2146.1,18094.83,4817.17
2016-09-27,2159.93,18228.3,4866.71
2016-09-28,2171.37,18339.24,4875.27
2016-09-29,2151.13,18143.45,4838.3
2016-09-30,2168.27,18308.15,4875.7
2016-10-03,2161.2,18253.85,4866.62
2016-10-04,2150.49,18168.45,4859.47
2016-10-05,2159.73,18281.03,4877.75
2016-10-06,2160.77,18268.5,4873.92
2016-10-07,2153.74,18240.49,4864.52
2016-10-10,2163.66,18329.04,4893.77
2016-10-11,2136.73,18128.66,4821.91
2016-10-12,2139.18,18144.2,4819.63
2016-10-13,2132.55,18098.94,4803.1
2016-10-14,2132.98,18138.38,4808.48
2016-10-17,2126.5,18086.4,4796.17
2016-10-18,2139.6,18161.94,4839.72
2016-10-19,2144.29,18202.62,4836.61
2016-10-20,2141.34,18162.35,4832.71
2016-10-21,2141.16,18145.71,4851.86
2016-10-24,2151.33,18223.03,4909.97
2016-10-25,2143.16,18169.27,4891.45
2016-10-26,2139.43,18199.33,4860.59
2016-10-27,2133.04,18169.68,4836.45
2016-10-28,2126.41,18161.19,4805.59
2016-10-31,2126.15,18142.42,4801.27
2016-11-01,2111.72,18037.1,4766.94
2016-11-02,2097.94,17959.64,4726.91
2016-11-03,2088.66,17930.67,4679.1
2016-11-04,2085.18,17888.28,4660.46
2016-11-07,2131.52,18259.6,4773.73
2016-11-08,2139.56,18332.74,4804.92
2016-11-09,2163.26,18589.69,4825.18
2016-11-10,2167.48,18807.88,4747.03
2016-11-11,2164.45,18847.66,4751.95
2016-11-14,2164.2,18868.69,4702.04
2016-11-15,2180.39,18923.06,4764.47
2016-11-16,2176.94,18868.14,4792.27
2016-11-17,2187.12,18903.82,4826.59
2016-11-18,2181.9,18867.93,4808.04
2016-11-21,2198.18,18956.69,4859.0
2016-11-22,2202.94,19023.87,4873.84
2016-11-23,2204.72,19083.18,4853.86
2016-11-24,,,
2016-11-25,2213.35,19152.14,4870.02
2016-11-28,2201.72,19097.9,4857.02
2016-11-29,2204.66,19121.6,4873.21
2016-11-30,2198.81,19123.58,4810.81
2016-12-01,2191.08,19191.93,4734.1
2016-12-02,2191.95,19170.42,4739.37
2016-12-05,2204.71,19216.24,4778.14
2016-12-06,2212.23,19251.78,4788.67
2016-12-07,2241.35,19549.62,4851.94
2016-12-08,2246.19,19614.81,4859.19
2016-12-09,2259.53,19756.85,4895.9
2016-12-12,2256.96,19796.43,4874.3
2016-12-13,2271.72,19911.21,4935.84
2016-12-14,2253.28,19792.53,4921.22
2016-12-15,2262.03,19852.24,4933.41
2016-12-16,2258.07,19843.41,4914.86
2016-12-19,2262.53,19883.06,4934.85
2016-12-20,2270.76,19974.62,4953.8
2016-12-21,2265.18,19941.96,4948.9
2016-12-22,2260.96,19918.88,4934.39
2016-12-23,2263.79,19933.81,4940.02
2016-12-26,,,
2016-12-27,2268.88,19945.04,4965.81
2016-12-28,2249.92,19833.68,4926.29
2016-12-29,2249.26,19819.78,4918.28
2016-12-30,2238.83,19762.6,4863.62
2017-01-02,,,
2017-01-03,2257.83,19881.76,4911.33
2017-01-04,2270.75,19942.16,4937.21
2017-01-05,2269.0,19899.29,4964.95
2017-01-06,2276.98,19963.8,5007.08
2017-01-09,2268.9,19887.38,5024.9
2017-01-10,2268.9,19855.53,5035.17
2017-01-11,2275.32,19954.28,5050.21
2017-01-12,2270.44,19891.0,5041.43
2017-01-13,2274.64,19885.73,5059.51
2017-01-16,,,
2017-01-17,2267.89,19826.77,5044.65
2017-01-18,2271.89,19804.72,5055.85
2017-01-19,2263.69,19732.4,5051.17
2017-01-20,2271.31,19827.25,5063.2
2017-01-23,2265.2,19799.85,5065.7
2017-01-24,2280.07,19912.71,5101.06
2017-01-25,2298.37,20068.51,5151.47
2017-01-26,2296.68,20100.91,5156.92
2017-01-27,2294.69,20093.78,5168.06
2017-01-30,2280.9,19971.13,5129.33
2017-01-31,2278.87,19864.09,5116.77
2017-02-01,2279.55,19890.94,5152.69
2017-02-02,2280.85,19884.91,5147.7
2017-02-03,2297.42,20071.46,5161.6
2017-02-06,2292.56,20052.42,5167.96
2017-02-07,2293.08,20090.29,5185.88
2017-02-08,2294.67,20054.34,5196.58
2017-02-09,2307.87,20172.4,5212.16
2017-02-10,2316.1,20269.37,5226.69
2017-02-13,2328.25,20412.16,5256.82
2017-02-14,2337.58,20504.41,5271.07
2017-02-15,2349.25,20611.86,5302.39
2017-02-16,2347.22,20619.77,5300.64
2017-02-17,2351.16,20624.05,5324.72
2017-02-20,,,
2017-02-21,2365.38,20743.0,5350.73
2017-02-22,2362.82,20775.6,5352.13
2017-02-23,2363.81,20810.32,5332.37
2017-02-24,2367.34,20821.76,5343.31
2017-02-27,2369.75,20837.44,5347.55
2017-02-28,2363.64,20812.24,5330.31
2017-03-01,2395.96,21115.55,5390.99
2017-03-02,2381.92,21002.97,5363.26
2017-03-03,2383.12,21005.71,5373.48
2017-03-06,2375.31,20954.34,5360.31
2017-03-07,2368.39,20924.76,5351.28
2017-03-08,2362.98,20855.73,5359.8
2017-03-09,2364.87,20858.19,5363.98
2017-03-10,2372.6,20902.98,5385.9
2017-03-13,2373.47,20881.48,5394.57
2017-03-14,2365.45,20837.37,5382.17
2017-03-15,2385.26,20950.1,5416.25
2017-03-16,2381.38,20934.55,5412.08
2017-03-17,2378.25,20914.62,5408.76
2017-03-20,2373.47,20905.86,5413.31
2017-03-21,2344.02,20668.01,5332.53
2017-03-22,2348.45,20661.3,5367.56
2017-03-23,2345.96,20656.58,5355.14
2017-03-24,2343.98,20596.72,5364.0
2017-03-27,2341.59,20550.98,5374.27
2017-03-28,2358.57,20701.5,5407.21
2017-03-29,2361.13,20659.32,5430.27
2017-03-30,2368.06,20728.49,5439.74
2017-03-31,2362.72,20663.22,5436.23
2017-04-03,2358.84,20650.21,5432.2
2017-04-04,2360.16,20689.24,5440.41
2017-04-05,2352.95,20648.15,5418.52
2017-04-06,2357.49,20662.95,5420.88
2017-04-07,2355.54,20656.1,5418.37
2017-04-10,2357.16,20658.02,5421.68
2017-04-11,2353.78,20651.3,5398.4
2017-04-12,2344.93,20591.86,5377.03
2017-04-13,2328.95,20453.25,5353.59
2017-04-14,,,
2017-04-17,2349.01,20636.92,5399.2
2017-04-18,2342.19,20523.28,5391.66
2017-04-19,2338.17,20404.49,5399.64
2017-04-20,2355.84,20578.71,5443.53
2017-04-21,2348.69,20547.76,5442.05
2017-04-24,2374.15,20763.89,5508.03
2017-04-25,2388.61,20996.12,5548.19
2017-04-26,2387.45,20975.09,5541.09
2017-04-27,2388.77,20981.33,5571.28
2017-04-28,2384.2,20940.51,5583.53
2017-05-01,2388.33,20913.46,5629.63
2017-05-02,2391.17,20949.89,5644.07
2017-05-03,2388.13,20957.9,5625.16
2017-05-04,2389.52,20951.47,5626.32
2017-05-05,2399.29,21006.94,5646.09
2017-05-08,2399.38,21012.28,5659.07
2017-05-09,2396.92,20975.78,5678.31
2017-05-10,2399.63,20943.11,5681.68
2017-05-11,2394.44,20919.42,5674.22
2017-05-12,2390.9,20896.61,5686.81
2017-05-15,2402.32,20981.94,5704.48
2017-05-16,2400.67,20979.75,5724.44
2017-05-17,2357.03,20606.93,5580.55
2017-05-18,2365.72,20663.02,5626.31
2017-05-19,2381.73,20804.84,5651.56
2017-05-22,2394.02,20894.83,5699.4
2017-05-23,2398.42,20937.91,5703.35
2017-05-24,2404.39,21012.42,5730.3
2017-05-25,2415.07,21082.95,5778.37
2017-05-26,2415.82,21080.28,5788.36
2017-05-29,,,
2017-05-30,2412.91,21029.47,5794.63
2017-05-31,2411.8,21008.65,5788.8
2017-06-01,2430.06,21144.18,5816.51
2017-06-02,2439.07,21206.29,5881.46
2017-06-05,2436.1,21184.04,5878.12
2017-06-06,2429.33,21136.23,5856.77
2017-06-07,2433.14,21173.69,5877.59
2017-06-08,2433.79,21182.53,5885.3
2017-06-09,2431.77,21271.97,5741.94
2017-06-12,2429.39,21235.67,5708.18
2017-06-13,2440.35,21328.47,5751.82
2017-06-14,2437.92,21374.56,5727.07
2017-06-15,2432.46,21359.9,5700.89
2017-06-16,2433.15,21384.28,5681.48
2017-06-19,2453.46,21528.99,5772.22
2017-06-20,2437.03,21467.14,5726.31
2017-06-21,2435.61,21410.03,5782.39
2017-06-22,2434.5,21397.29,5779.87
2017-06-23,2438.3,21394.76,5803.11
2017-06-26,2439.07,21409.55,5777.59
2017-06-27,2419.38,21310.66,5671.6
2017-06-28,2440.69,21454.61,5753.03
2017-06-29,2419.7,21287.03,5653.02
2017-06-30,2423.41,21349.63,5646.92
2017-07-03,2429.01,21479.27,5596.96
2017-07-04,,,
2017-07-05,2432.54,21478.17,5648.82
2017-07-06,2409.75,21320.04,5597.9
2017-07-07,2425.18,21414.34,5656.47
2017-07-10,2427.43,21408.52,5694.15
2017-07-11,2425.53,21409.07,5709.8
2017-07-12,2443.25,21532.14,5778.95
2017-07-13,2447.83,21553.09,5793.36
2017-07-14,2459.27,21637.74,5838.08
2017-07-17,2459.14,21629.72,5839.74
2017-07-18,2460.61,21574.73,5880.1
2017-07-19,2473.83,21640.75,5916.16
2017-07-20,2473.45,21611.78,5921.22
2017-07-21,2472.54,21580.07,5921.52
2017-07-24,2469.91,21513.17,5941.37
2017-07-25,2477.13,21613.43,5930.65
2017-07-26,2477.83,21711.01,5950.73
2017-07-27,2475.42,21796.55,5917.03
2017-07-28,2472.1,21830.31,5908.92
2017-07-31,2470.3,21891.12,5880.33
2017-08-01,2476.35,21963.92,5895.17
2017-08-02,2477.57,22016.24,5914.23
2017-08-03,2472.16,22026.1,5891.2
2017-08-04,2476.83,22092.81,5899.91
2017-08-07,2480.91,22118.42,5934.73
2017-08-08,2474.92,22085.34,5926.35
2017-08-09,2474.02,22048.7,5919.39
2017-08-10,2438.21,21844.01,5788.19
2017-08-11,2441.32,21858.32,5831.53
2017-08-14,2465.84,21993.71,5908.17
2017-08-15,2464.61,21998.99,5907.73
2017-08-16,2468.11,22024.87,5917.42
2017-08-17,2430.01,21750.73,5796.32
2017-08-18,2425.55,21674.51,5790.91
2017-08-21,2428.37,21703.75,5786.54
2017-08-22,2452.51,21899.89,5873.33
2017-08-23,2444.04,21812.09,5851.78
2017-08-24,2438.97,21783.4,5834.44
2017-08-25,2443.05,21813.67,5822.53
2017-08-28,2444.24,21808.4,5838.08
2017-08-29,2446.3,21865.37,5862.14
2017-08-30,2457.59,21892.43,5932.9
2017-08-31,2471.65,21948.1,5988.6
2017-09-01,2476.55,21987.56,5987.9
2017-09-04,,,
2017-09-05,2457.85,21753.31,5932.73
2017-09-06,2465.54,21807.64,5951.13
2017-09-07,2465.1,21784.78,5964.31
2017-09-08,2461.43,21797.79,5913.37
2017-09-11,2488.11,22057.37,5980.53
2017-09-12,2496.48,22118.86,5995.64
2017-09-13,2498.37,22158.18,6004.38
2017-09-14,2495.62,22203.48,5968.82
2017-09-15,2500.23,22268.34,5988.0
2017-09-18,2503.87,22331.35,5981.12
2017-09-19,2506.65,22370.8,5991.08
2017-09-20,2508.24,22412.59,5973.6
2017-09-21,2500.6,22359.23,5934.91
2017-09-22,2502.22,22349.59,5932.32
2017-09-25,2496.66,22296.09,5867.35
2017-09-26,2496.84,22284.32,5881.34
2017-09-27,2507.04,22340.71,5937.79
2017-09-28,2510.06,22381.2,5933.07
2017-09-29,2519.36,22405.09,5979.3
2017-10-02,2529.12,22557.6,5981.92
2017-10-03,2534.58,22641.67,5995.06
2017-10-04,2537.74,22661.64,5998.84
2017-10-05,2552.07,22775.39,6057.14
2017-10-06,2549.33,22773.67,6064.57
2017-10-09,2544.73,22761.07,6058.53
2017-10-10,2550.64,22830.68,6063.52
2017-10-11,2555.24,22872.89,6081.25
2017-10-12,2550.93,22841.01,6069.99
2017-10-13,2553.17,22871.72,6092.45
2017-10-16,2557.64,22956.96,6114.53
2017-10-17,2559.36,22997.44,6122.61
2017-10-18,2561.26,23157.6,6114.35
2017-10-19,2562.1,23163.04,6092.62
2017-10-20,2575.21,23328.63,6108.82
2017-10-23,2564.98,23273.96,6067.83
2017-10-24,2569.13,23441.76,6080.22
2017-10-25,2557.15,23329.46,6055.04
2017-10-26,2560.4,23400.86,6037.87
2017-10-27,2581.07,23434.19,6213.47
2017-10-30,2572.83,23348.74,6227.59
2017-10-31,2575.26,23377.24,6248.56
2017-11-01,2579.36,23435.01,6248.65
2017-11-02,2579.85,23516.26,6236.39
2017-11-03,2587.84,23539.19,6295.58
2017-11-06,2591.13,23548.42,6313.61
2017-11-07,2590.64,23557.23,6320.78
2017-11-08,2594.38,23563.36,6345.81
2017-11-09,2584.62,23461.94,6312.21
2017-11-10,2582.3,23422.21,6309.07
2017-11-13,2584.84,23439.7,6316.18
2017-11-14,2578.87,23409.47,6293.64
2017-11-15,2564.62,23271.28,6258.36
2017-11-16,2585.64,23458.36,6339.14
2017-11-17,2578.85,23358.24,6314.51
2017-11-20,2582.14,23430.33,6308.61
2017-11-21,2599.03,23590.83,6378.63
2017-11-22,2597.08,23526.18,6386.12
2017-11-23,,,
2017-11-24,2602.42,23557.99,6409.29
2017-11-27,2601.42,23580.78,6405.97
2017-11-28,2627.04,23836.71,6422.56
2017-11-29,2626.07,23940.68,6311.38
2017-11-30,2647.58,24272.35,6365.56
2017-12-01,2642.22,24231.59,6337.87
2017-12-04,2639.44,24290.05,6263.7
2017-12-05,2629.57,24180.64,6265.11
2017-12-06,2629.27,24140.91,6293.05
2017-12-07,2636.98,24211.48,6316.28
2017-12-08,2651.5,24329.16,6344.57
2017-12-11,2659.99,24386.03,6393.89
2017-12-12,2664.11,24504.8,6383.65
2017-12-13,2662.85,24585.43,6394.67
2017-12-14,2652.01,24508.66,6389.91
2017-12-15,2675.81,24651.74,6466.32
2017-12-18,2690.16,24792.2,6513.27
2017-12-19,2681.47,24754.75,6480.67
2017-12-20,2679.25,24726.65,6472.48
2017-12-21,2684.57,24782.29,6472.69
2017-12-22,2683.34,24754.06,6465.17
2017-12-25,,,
2017-12-26,2680.5,24746.21,6433.16
2017-12-27,2682.62,24774.3,6435.15
2017-12-28,2687.54,24837.51,6441.42
2017-12-29,2673.61,24719.22,6396.42
2018-01-01,,,
2018-01-02,2695.81,24824.01,6511.34
2018-01-03,2713.06,24922.68,6575.8
2018-01-04,2723.99,25075.13,6584.58
2018-01-05,2743.15,25295.87,6653.29
2018-01-08,2747.71,25283.0,6676.63
2018-01-09,2751.29,25385.8,6677.94
2018-01-10,2748.23,25369.13,6662.66
2018-01-11,2767.56,25574.73,6708.49
2018-01-12,2786.24,25803.19,6758.54
2018-01-15,,,
2018-01-16,2776.42,25792.86,6737.14
2018-01-17,2802.56,26115.65,6810.28
2018-01-18,2798.03,26017.81,6811.38
2018-01-19,2810.3,26071.72,6834.33
2018-01-22,2832.97,26214.6,6906.28
2018-01-23,2839.13,26210.81,6963.46
2018-01-24,2837.54,26252.12,6919.35
2018-01-25,2839.25,26392.79,6916.3
2018-01-26,2872.87,26616.71,7022.97
2018-01-29,2853.53,26439.48,6988.32
2018-01-30,2822.43,26076.89,6930.73
2018-01-31,2823.81,26149.39,6949.99
2018-02-01,2821.98,26186.71,6901.5
2018-02-02,2762.13,25520.96,6760.29
2018-02-05,2648.94,24345.75,6495.92
2018-02-06,2695.14,24912.77,6665.98
2018-02-07,2681.66,24893.35,6582.02
2018-02-08,2581.0,23860.46,6306.1
2018-02-09,2619.55,24190.9,6412.68
2018-02-12,2656.0,24601.27,6523.85
2018-02-13,2662.94,24640.45,6553.86
2018-02-14,2698.63,24893.49,6675.03
2018-02-15,2731.2,25200.37,6794.92
2018-02-16,2732.22,25219.38,6770.66
2018-02-19,,,
2018-02-20,2716.26,24964.75,6779.69
2018-02-21,2701.33,24797.78,6759.26
2018-02-22,2703.96,24962.48,6761.85
2018-02-23,2747.3,25309.99,6896.6
2018-02-26,2779.6,25709.27,6989.1
2018-02-27,2744.28,25410.03,6900.35
2018-02-28,2713.83,25029.2,6854.42
2018-03-01,2677.67,24608.98,6750.54
2018-03-02,2691.25,24538.06,6811.04
2018-03-05,2720.94,24874.76,6881.28
2018-03-06,2728.12,24884.12,6913.02
2018-03-07,2726.8,24801.36,6929.39
2018-03-08,2738.97,24895.21,6966.43
2018-03-09,2786.57,25335.74,7101.18
2018-03-12,2783.02,25178.61,7131.12
2018-03-13,2765.31,25007.03,7046.51
2018-03-14,2749.48,24758.12,7040.98
2018-03-15,2747.33,24873.66,7030.97
2018-03-16,2752.01,24946.51,7019.95
2018-03-19,2712.92,24610.91,6864.88
2018-03-20,2716.94,24727.27,6885.92
2018-03-21,2711.93,24682.31,6853.45
2018-03-22,2643.69,23957.89,6682.26
2018-03-23,2588.26,23533.2,6508.09
2018-03-26,2658.55,24202.6,6753.83
2018-03-27,2612.62,23857.71,6529.84
2018-03-28,2605.0,23848.42,6460.81
2018-03-29,2640.87,24103.11,6581.13
2018-03-30,,,
2018-04-02,2581.88,23644.19,6390.84
2018-04-03,2614.45,24033.36,6458.83
2018-04-04,2644.69,24264.3,6560.059
2018-04-05,2662.84,24505.22,6594.84
2018-04-06,2604.47,23932.76,6433.215
2018-04-09,2613.16,23979.1,6472.344
2018-04-10,2656.87,24408.0,6615.871
2018-04-11,2642.19,24189.45,6583.445
2018-04-12,2663.99,24483.05,6656.254
2018-04-13,2656.3,24360.14,6628.344
2018-04-16,2677.84,24573.04,6675.18
2018-04-17,2706.39,24786.63,6816.367
2018-04-18,2708.64,24748.07,6833.211
2018-04-19,2693.13,24664.89,6774.887
2018-04-20,2670.14,24462.94,6667.75
2018-04-23,2670.29,24448.69,6648.805
2018-04-24,2634.56,24024.13,6509.047
2018-04-25,2639.4,24083.83,6513.941
2018-04-26,2666.94,24322.34,6649.652
2018-04-27,2669.91,24311.19,6656.352
2018-04-30,2648.05,24163.15,6605.57
2018-05-01,2654.8,24099.05,6681.961
2018-05-02,2635.67,23924.98,6644.477
2018-05-03,2629.73,23930.15,6643.48
2018-05-04,2663.42,24262.51,6769.117
2018-05-07,2672.63,24357.32,6821.875
2018-05-08,2671.92,24360.21,6815.484
2018-05-09,2697.79,24542.54,6893.215
2018-05-10,2723.07,24739.53,6963.547
2018-05-11,2727.72,24831.17,6952.563
2018-05-14,2730.13,24899.41,6964.371
2018-05-15,2711.45,24706.41,6888.535
2018-05-16,2722.46,24768.93,6929.965
2018-05-17,2720.13,24713.98,6901.633
2018-05-18,2712.97,24715.09,6866.254
2018-05-21,2733.01,25013.29,6905.531
2018-05-22,2724.44,24834.41,6893.621
2018-05-23,2733.29,24886.81,6953.629
2018-05-24,2727.76,24811.76,6949.699
2018-05-25,2721.33,24753.09,6960.918
2018-05-28,,,
2018-05-29,2689.86,24361.45,6926.543
2018-05-30,2724.01,24667.78,6976.367
2018-05-31,2705.27,24415.84,6967.73
2018-06-01,2734.62,24635.21,7083.926
2018-06-04,2746.87,24813.69,7143.57
2018-06-05,2748.8,24799.98,7166.754
2018-06-06,2772.35,25146.39,7210.082
2018-06-07,2770.37,25241.41,7152.832
2018-06-08,2779.03,25316.53,7152.621
2018-06-11,2782.0,25322.31,7168.48
2018-06-12,2786.85,25320.73,7209.184
2018-06-13,2775.63,25201.2,7205.254
2018-06-14,2782.49,25175.31,7279.594
2018-06-15,2779.66,25090.48,7255.754
2018-06-18,2773.75,24987.47,7251.406
2018-06-19,2762.59,24700.21,7228.043
2018-06-20,2767.32,24657.8,7280.703
2018-06-21,2749.76,24461.7,7217.488
2018-06-22,2754.88,24580.89,7197.512
2018-06-25,2717.07,24252.8,7038.172
2018-06-26,2723.06,24283.11,7068.195
2018-06-27,2699.63,24117.59,6969.672
2018-06-28,2716.31,24216.05,7031.605
2018-06-29,2718.37,24271.41,7040.801
2018-07-02,2726.71,24307.18,7097.82
2018-07-03,2713.22,24174.82,7014.555
2018-07-04,,,
2018-07-05,2736.61,24356.74,7101.047
2018-07-06,2759.82,24456.48,7207.332
2018-07-09,2784.17,24776.59,7276.0
2018-07-10,2793.84,24919.66,7282.598
2018-07-11,2774.02,24700.45,7243.98
2018-07-12,2798.29,24924.89,7366.25
2018-07-13,2801.31,25019.41,7375.816
2018-07-16,2798.43,25064.36,7357.898
2018-07-17,2809.55,25119.89,7403.891
2018-07-18,2815.62,25199.29,7390.125
2018-07-19,2804.49,25064.5,7352.359
2018-07-20,2801.83,25058.12,7350.227
2018-07-23,2806.98,25044.29,7371.781
2018-07-24,2820.4,25241.94,7406.246
2018-07-25,2846.07,25414.1,7508.586
2018-07-26,2837.44,25527.07,7400.75
2018-07-27,2818.82,25451.06,7296.781
2018-07-30,2802.6,25306.83,7193.102
2018-07-31,2816.29,25415.19,7231.984
2018-08-01,2813.36,25333.82,7272.887
2018-08-02,2827.22,25326.16,7372.148
2018-08-03,2840.35,25462.58,7395.49
2018-08-06,2850.4,25502.18,7438.99
2018-08-07,2858.45,25628.91,7462.65
2018-08-08,2857.7,25583.75,7469.54
2018-08-09,2853.58,25509.23,7466.96
2018-08-10,2833.28,25313.14,7408.3
2018-08-13,2821.93,25187.7,7401.17
2018-08-14,2839.96,25299.92,7447.17
2018-08-15,2818.37,25162.41,7354.66
2018-08-16,2840.69,25558.73,7374.29
2018-08-17,2850.13,25669.32,7377.54
2018-08-20,2857.05,25758.69,7371.42
2018-08-21,2862.96,25822.29,7397.23
2018-08-22,2861.82,25733.6,7424.6
2018-08-23,2856.98,25656.98,7413.84
2018-08-24,2874.69,25790.35,7485.4
2018-08-27,2896.74,26049.64,7559.13
2018-08-28,2897.52,26064.02,7570.25
2018-08-29,2914.04,26124.57,7660.18
2018-08-30,2901.13,25986.92,7642.67
2018-08-31,2901.52,25964.82,7654.55
2018-09-03,,,
2018-09-04,2896.72,25952.48,7622.32
2018-09-05,2888.6,25974.99,7523.26
2018-09-06,2878.05,25995.87,7453.17
2018-09-07,2871.68,25916.54,7430.26
2018-09-10,2877.13,25857.07,7447.68
2018-09-11,2887.89,25971.06,7507.87
2018-09-12,2888.92,25998.92,7488.06
2018-09-13,2904.18,26145.99,7561.69
2018-09-14,2904.98,26154.67,7545.5
2018-09-17,2888.8,26062.12,7434.73
2018-09-18,2904.31,26246.96,7494.4
2018-09-19,2907.95,26405.76,7490.32
2018-09-20,2930.75,26656.98,7569.03
2018-09-21,2929.67,26743.5,7531.07
2018-09-24,2919.37,26562.05,7548.75
2018-09-25,2915.56,26492.21,7563.19
2018-09-26,2905.97,26385.28,7563.09
2018-09-27,2914.0,26439.93,7629.57
2018-09-28,2913.98,26458.31,7627.65
2018-10-01,2924.59,26651.21,7645.45
2018-10-02,2923.43,26773.94,7628.28
2018-10-03,2925.51,26828.39,7637.43
2018-10-04,2901.61,26627.48,7490.0
2018-10-05,2885.57,26447.05,7399.01
2018-10-08,2884.43,26486.78,7352.82
2018-10-09,2880.34,26430.57,7371.62
2018-10-10,2785.68,25598.74,7044.5
2018-10-11,2728.37,25052.83,6964.03
2018-10-12,2767.13,25339.99,7157.21
2018-10-15,2750.79,25250.55,7068.67
2018-10-16,2809.92,25798.42,7276.43
2018-10-17,2809.21,25706.68,7278.63
2018-10-18,2768.78,25379.45,7116.09
2018-10-19,2767.78,25444.34,7107.23
2018-10-22,2755.88,25317.41,7141.21
2018-10-23,2740.69,25191.43,7118.67
2018-10-24,2656.1,24583.42,6789.15
2018-10-25,2705.57,24984.55,7016.39
2018-10-26,2658.69,24688.31,6852.4
2018-10-29,2641.25,24442.92,6713.9
2018-10-30,2682.63,24874.64,6810.12
2018-10-31,2711.74,25115.76,6967.1
2018-11-01,2740.37,25380.74,7069.17
2018-11-02,2723.06,25270.83,6965.29
2018-11-05,2738.31,25461.7,6937.09
2018-11-06,2755.45,25635.01,6988.85
2018-11-07,2813.89,26180.3,7203.13
2018-11-08,2806.83,26191.22,7158.59
2018-11-09,2781.01,25989.3,7039.15
2018-11-12,2726.22,25387.18,6829.1
2018-11-13,2722.18,25286.49,6830.91
2018-11-14,2701.58,25080.5,6769.87
2018-11-15,2730.2,25289.27,6890.45
2018-11-16,2736.27,25413.22,6867.02
2018-11-19,2690.73,25017.44,6642.92
2018-11-20,2641.89,24465.64,6526.96
2018-11-21,2649.93,24464.69,6575.66
2018-11-22,,,
2018-11-23,2632.56,24285.95,6527.35
2018-11-26,2673.45,24640.24,6678.34
2018-11-27,2682.17,24748.73,6701.04
2018-11-28,2743.79,25366.43,6913.33
2018-11-29,2737.76,25338.84,6892.4
2018-11-30,2760.17,25538.46,6949.01
2018-12-03,2790.37,25826.43,7062.13
2018-12-04,2700.06,25027.07,6795.21
2018-12-05,,,
2018-12-06,2695.95,24947.67,6838.85
2018-12-07,2633.08,24388.95,6613.27
2018-12-10,2637.72,24423.26,6682.74
2018-12-11,2636.78,24370.24,6704.24
2018-12-12,2651.07,24527.27,6763.96
2018-12-13,2650.54,24597.38,6767.97
2018-12-14,2599.95,24100.51,6594.96
2018-12-17,2545.94,23592.98,6448.39
2018-12-18,2546.16,23675.64,6491.52
2018-12-19,2506.96,23323.66,6342.97
2018-12-20,2467.42,22859.6,6243.19
2018-12-21,2416.62,22445.37,6046.56
2018-12-24,2351.1,21792.2,5899.35
2018-12-25,,,
2018-12-26,2467.7,22878.45,6262.77
2018-12-27,2488.83,23138.82,6288.3
2018-12-28,2485.74,23062.4,6285.27
2018-12-31,2506.85,23327.46,6329.96
2019-01-01,,,
2019-01-02,2510.03,23346.24,6360.87
2019-01-03,2447.89,22686.22,6147.13
2019-01-04,2531.94,23433.16,6422.67
2019-01-07,2549.69,23531.35,6488.25
2019-01-08,2574.41,23787.45,6551.85
2019-01-09,2584.96,23879.12,6600.69
2019-01-10,2596.64,24001.92,6620.94
2019-01-11,2596.26,23995.95,6601.4
2019-01-14,2582.61,23909.84,6541.04
2019-01-15,2610.3,24065.59,6669.64
2019-01-16,2616.1,24207.16,6668.56
2019-01-17,2635.96,24370.1,6718.45
2019-01-18,2670.71,24706.35,6784.61
2019-01-21,,,
2019-01-22,2632.9,24404.48,6646.81
2019-01-23,2638.7,24575.62,6658.76
2019-01-24,2642.33,24553.24,6702.55
2019-01-25,2664.76,24737.2,6787.37
2019-01-28,2643.85,24528.22,6697.09
2019-01-29,2640.0,24579.96,6632.79
2019-01-30,2681.05,25014.86,6807.91
2019-01-31,2704.1,24999.67,6906.84
2019-02-01,2706.53,25063.89,6875.52
2019-02-04,2724.87,25239.37,6959.96
2019-02-05,2737.7,25411.52,7023.52
2019-02-06,2731.61,25390.3,6997.62
2019-02-07,2706.05,25169.53,6904.98
2019-02-08,2707.88,25106.33,6913.13
2019-02-11,2709.8,25053.11,6909.18
2019-02-12,2744.73,25425.76,7014.67
2019-02-13,2753.03,25543.27,7015.88
2019-02-14,2745.73,25439.39,7022.42
2019-02-15,2775.6,25883.25,7055.18
2019-02-18,,,
2019-02-19,2779.76,25891.32,7066.61
2019-02-20,2784.7,25954.44,7062.34
2019-02-21,2774.88,25850.63,7035.16
2019-02-22,2792.67,26031.81,7090.63
2019-02-25,2796.11,26091.95,7115.43
2019-02-26,2793.9,26057.98,7123.22
2019-02-27,2792.38,25985.16,7117.0
2019-02-28,2784.49,25916.0,7097.53
2019-03-01,2803.69,26026.32,7151.57
2019-03-04,2792.81,25819.65,7150.83
2019-03-05,2789.65,25806.63,7156.79
2019-03-06,2771.45,25673.46,7112.47
2019-03-07,2748.93,25473.23,7026.88
2019-03-08,2743.07,25450.24,7015.69
2019-03-11,2783.3,25650.88,7164.02
2019-03-12,2791.52,25554.66,7201.28
2019-03-13,2810.92,25702.89,7256.98
2019-03-14,2808.48,25709.94,7243.01
2019-03-15,2822.48,25848.87,7306.99
2019-03-18,2832.94,25914.1,7326.28
2019-03-19,2832.57,25887.38,7349.28
2019-03-20,2824.23,25745.67,7380.75
2019-03-21,2854.88,25962.51,7493.27
2019-03-22,2800.71,25502.32,7326.06
2019-03-25,2798.36,25516.83,7316.96
2019-03-26,2818.46,25657.73,7351.15
2019-03-27,2805.37,25625.59,7308.19
2019-03-28,2815.44,25717.46,7320.47
2019-03-29,2834.4,25928.68,7378.77
2019-04-01,2867.19,26258.42,7478.42
2019-04-02,2867.24,26179.13,7499.64
2019-04-03,2873.4,26218.13,7544.97
2019-04-04,2879.39,26384.63,7540.57
2019-04-05,2892.74,26424.99,7578.84
2019-04-08,2895.77,26341.02,7599.74
2019-04-09,2878.2,26150.58,7568.49
2019-04-10,2888.21,26157.16,7611.49
2019-04-11,2888.32,26143.05,7594.89
2019-04-12,2907.41,26412.3,7628.15
2019-04-15,2905.58,26384.77,7629.12
2019-04-16,2907.06,26452.66,7654.73
2019-04-17,2900.45,26449.54,7680.72
2019-04-18,2905.03,26559.54,7689.72
2019-04-19,,,7689.715
2019-04-22,2907.97,26511.05,7713.49
2019-04-23,2933.68,26656.39,7810.71
2019-04-24,2927.25,26597.05,7784.41
2019-04-25,2926.17,26462.08,7816.92
2019-04-26,2939.88,26543.33,7826.68
2019-04-29,2943.03,26554.39,7839.04
2019-04-30,2945.83,26592.91,7781.46
2019-05-01,2923.73,26430.14,7751.85
2019-05-02,2917.52,26307.79,7724.06
2019-05-03,2945.64,26504.95,7845.73
2019-05-06,2932.47,26438.48,7794.09
2019-05-07,2884.05,25965.09,7640.15
2019-05-08,2879.42,25967.33,7617.55
2019-05-09,2870.72,25828.36,7582.75
2019-05-10,2881.4,25942.37,7586.53
2019-05-13,2811.87,25324.99,7324.13
2019-05-14,2834.41,25532.05,7401.88
2019-05-15,2850.96,25648.02,7503.25
2019-05-16,2876.32,25862.68,7580.14
2019-05-17,2859.53,25764.0,7503.68
2019-05-20,2840.23,25679.9,7376.7
2019-05-21,2864.36,25877.33,7451.02
2019-05-22,2856.27,25776.61,7420.66
2019-05-23,2822.24,25490.47,7307.93
2019-05-24,2826.06,25585.69,7300.96
2019-05-27,,,
2019-05-28,2802.39,25347.77,7278.38
2019-05-29,2783.02,25126.41,7216.86
2019-05-30,2788.86,25169.88,7245.4
2019-05-31,2752.06,24815.04,7127.96
2019-06-03,2744.45,24819.78,6978.02
2019-06-04,2803.27,25332.18,7166.75
2019-06-05,2826.15,25539.57,7220.9
2019-06-06,2843.49,25720.66,7275.93
2019-06-07,2873.34,25983.94,7417.29
2019-06-10,2886.73,26062.68,7501.93
2019-06-11,2885.72,26048.51,7513.85
2019-06-12,2879.84,26004.83,7472.29
2019-06-13,2891.64,26106.77,7510.68
2019-06-14,2886.98,26089.61,7479.11
2019-06-17,2889.67,26112.53,7526.52
2019-06-18,2917.75,26465.54,7635.4
2019-06-19,2926.46,26504.0,7667.74
2019-06-20,2954.18,26753.17,7738.05
2019-06-21,2950.46,26719.13,7728.78
2019-06-24,2945.35,26727.54,7723.02
2019-06-25,2917.38,26548.22,7591.54
2019-06-26,2913.78,26536.82,7627.05
2019-06-27,2924.92,26526.58,7657.05
2019-06-28,2941.76,26599.96,7671.07
2019-07-01,2964.33,26717.43,7768.14
2019-07-02,2973.01,26786.68,7799.82
2019-07-03,2995.82,26966.0,7857.69
2019-07-04,,,
2019-07-05,2990.41,26922.12,7841.3
2019-07-08,2975.95,26806.14,7785.79
2019-07-09,2979.63,26783.49,7826.86
2019-07-10,2993.07,26860.2,7903.4
2019-07-11,2999.91,27088.08,7896.78
2019-07-12,3013.77,27332.03,7943.24
2019-07-15,3014.3,27359.16,7966.93
2019-07-16,3004.04,27335.63,7927.08
2019-07-17,2984.42,27219.85,7888.76
2019-07-18,2995.11,27222.97,7904.13
2019-07-19,2976.61,27154.2,7834.9
2019-07-22,2985.03,27171.9,7905.12
2019-07-23,3005.47,27349.19,7954.56
2019-07-24,3019.56,27269.97,8010.6
2019-07-25,3003.67,27140.98,7929.87
2019-07-26,3025.86,27192.45,8016.95
2019-07-29,3020.97,27221.35,7989.08
2019-07-30,3013.18,27198.02,7952.47
2019-07-31,2980.38,26864.27,7848.78
2019-08-01,2953.56,26583.42,7801.15
2019-08-02,2932.05,26485.01,7692.8
2019-08-05,2844.74,25717.74,7415.69
2019-08-06,2881.77,26029.52,7521.32
2019-08-07,2883.98,26007.07,7551.9
2019-08-08,2938.09,26378.19,7724.83
2019-08-09,2918.65,26287.44,7646.27
2019-08-12,2883.75,25907.37,7561.68
2019-08-13,2926.32,26279.91,7728.15
2019-08-14,2840.6,25479.42,7490.13
2019-08-15,2847.6,25579.39,7484.89
2019-08-16,2888.68,25886.01,7604.11
2019-08-19,2923.65,26135.79,7719.32
2019-08-20,2900.51,25962.44,7664.47
2019-08-21,2924.43,26202.73,7733.22
2019-08-22,2922.95,26252.24,7707.43
2019-08-23,2847.11,25628.9,7464.99
2019-08-26,2878.38,25898.83,7575.02
2019-08-27,2869.16,25777.9,7566.03
2019-08-28,2887.94,26036.1,7587.9
2019-08-29,2924.58,26362.25,7702.31
2019-08-30,2926.46,26403.28,7691.0
2019-09-02,,,
2019-09-03,2906.27,26118.02,7609.51
2019-09-04,2937.78,26355.47,7719.25
2019-09-05,2976.0,26728.15,7862.54
2019-09-06,2978.71,26797.46,7852.54
2019-09-09,2978.43,26835.51,7832.4
2019-09-10,2979.39,26909.43,7814.74
2019-09-11,3000.93,27137.04,7887.58
2019-09-12,3009.57,27182.45,7917.34
2019-09-13,3007.39,27219.52,7892.95
2019-09-16,2997.96,27076.82,7852.41
2019-09-17,3005.7,27110.8,7888.79
2019-09-18,3006.73,27147.08,7888.56
2019-09-19,3006.79,27094.79,7901.79
2019-09-20,2992.07,26935.07,7823.55
2019-09-23,2991.78,26949.99,7818.61
2019-09-24,2966.6,26807.77,7710.04
2019-09-25,2984.87,26970.71,7803.54
2019-09-26,2977.62,26891.12,7771.99
2019-09-27,2961.79,26820.25,7681.58
2019-09-30,2976.74,26916.83,7749.45
2019-10-01,2940.25,26573.04,7684.14
2019-10-02,2887.61,26078.62,7550.79
2019-10-03,2910.63,26201.04,7638.39
2019-10-04,2952.01,26573.72,7754.1
2019-10-07,2938.79,26478.02,7725.13
2019-10-08,2893.06,26164.04,7604.27
2019-10-09,2919.4,26346.01,7690.53
2019-10-10,2938.13,26496.67,7740.36
2019-10-11,2970.27,26816.59,7843.87
2019-10-14,2966.15,26787.36,7842.33
2019-10-15,2995.68,27024.8,7942.85
2019-10-16,2989.69,27001.98,7920.21
2019-10-17,2997.95,27025.88,7942.14
2019-10-18,2986.2,26770.2,7868.49
2019-10-21,3006.72,26827.64,7940.33
2019-10-22,2995.99,26788.1,7874.62
2019-10-23,3004.52,26833.95,7889.47
2019-10-24,3010.29,26805.53,7966.72
2019-10-25,3022.55,26958.06,8029.22
2019-10-28,3039.42,27090.72,8110.67
2019-10-29,3036.89,27071.42,8047.51
2019-10-30,3046.77,27186.69,8083.11
2019-10-31,3037.56,27046.23,8083.83
2019-11-01,3066.91,27347.36,8161.17
2019-11-04,3078.27,27462.11,8210.66
2019-11-05,3074.62,27492.63,8210.18
2019-11-06,3076.78,27492.56,8196.03
2019-11-07,3085.18,27674.8,8219.65
2019-11-08,3093.08,27681.24,8255.89
2019-11-11,3087.01,27691.49,8241.91
2019-11-12,3091.84,27691.49,8263.79
2019-11-13,3094.04,27783.59,8259.81
2019-11-14,3096.63,27781.96,8257.83
2019-11-15,3120.46,28004.89,8315.52
2019-11-18,3122.03,28036.22,8328.48
2019-11-19,3120.18,27934.02,8338.74
2019-11-20,3108.46,27821.09,8283.75
2019-11-21,3103.54,27766.29,8265.62
2019-11-22,3110.29,27875.62,8272.05
2019-11-25,3133.64,28066.47,8371.93
2019-11-26,3140.52,28121.68,8385.75
2019-11-27,3153.63,28164.0,8444.71
2019-11-28,,,
2019-11-29,3140.98,28051.41,8403.68
2019-12-02,3113.87,27783.04,8309.26
2019-12-03,3093.2,27502.81,8254.74
2019-12-04,3112.76,27649.78,8296.53
2019-12-05,3117.43,27677.79,8308.4
2019-12-06,3145.91,28015.06,8397.37
2019-12-09,3135.96,27909.6,8362.74
2019-12-10,3132.52,27881.72,8354.29
2019-12-11,3141.63,27911.3,8402.61
2019-12-12,3168.57,28132.05,8466.89
2019-12-13,3168.8,28135.38,8487.71
2019-12-16,3191.45,28235.89,8570.33
2019-12-17,3192.52,28267.16,8575.7
2019-12-18,3191.14,28239.28,8580.62
2019-12-19,3205.37,28376.96,8641.29
2019-12-20,3221.22,28455.09,8678.49
2019-12-23,3224.01,28551.53,8696.01
2019-12-24,3223.38,28515.45,8699.51
2019-12-25,,,
2019-12-26,3239.91,28621.39,8778.31
2019-12-27,3240.02,28645.26,8770.98
2019-12-30,3221.29,28462.14,8709.73
2019-12-31,3230.78,28538.44,8733.07
2020-01-01,,,
2020-01-02,3257.85,28868.8,8872.22
2020-01-03,3234.85,28634.88,8793.9
2020-01-06,3246.28,28703.38,8848.52
2020-01-07,3237.18,28583.68,8846.45
2020-01-08,3253.05,28745.09,8912.37
2020-01-09,3274.7,28956.9,8989.63
2020-01-10,3265.35,28823.77,8966.64
2020-01-13,3288.13,28907.05,9070.65
2020-01-14,3283.15,28939.67,9033.42
2020-01-15,3289.29,29030.22,9035.67
2020-01-16,3316.81,29297.64,9125.0
2020-01-17,3329.62,29348.1,9173.73
2020-01-20,,,
2020-01-21,3320.79,29196.04,9166.63
2020-01-22,3321.75,29186.27,9188.57
2020-01-23,3325.54,29160.09,9216.98
2020-01-24,3295.47,28989.73,9141.47
2020-01-27,3243.63,28535.8,8952.18
2020-01-28,3276.24,28722.85,9090.93
2020-01-29,3273.4,28734.45,9101.61
2020-01-30,3283.66,28859.44,9136.09
2020-01-31,3225.52,28256.03,8991.51
2020-02-03,3248.92,28399.81,9126.23
2020-02-04,3297.59,28807.63,9334.06
2020-02-05,3334.69,29290.85,9367.48
2020-02-06,3345.78,29379.77,9445.92
2020-02-07,3327.71,29102.51,9401.1
2020-02-10,3352.09,29276.82,9516.84
2020-02-11,3357.75,29276.34,9517.86
2020-02-12,3379.45,29551.42,9613.2
2020-02-13,3373.94,29423.31,9595.7
2020-02-14,3380.16,29398.08,9623.58
2020-02-17,,,
2020-02-18,3370.29,29232.19,9629.8
2020-02-19,3386.15,29348.03,9718.73
2020-02-20,3373.23,29219.98,9627.83
2020-02-21,3337.75,28992.41,9446.69
2020-02-24,3225.89,27960.8,9079.63
2020-02-25,3128.21,27081.36,8834.87
2020-02-26,3116.39,26957.59,8873.76
2020-02-27,2978.76,25766.64,8436.67
2020-02-28,2954.22,25409.36,8461.83
2020-03-02,3090.23,26703.32,8877.98
2020-03-03,3003.37,25917.41,8594.49
2020-03-04,3130.12,27090.86,8949.28
2020-03-05,3023.94,26121.28,8671.66
2020-03-06,2972.37,25864.78,8530.34
2020-03-09,2746.56,23851.02,7948.03
2020-03-10,2882.23,25018.16,8372.27
2020-03-11,2741.38,23553.22,8006.12
2020-03-12,2480.64,21200.62,7263.65
2020-03-13,2711.02,23185.62,7995.26
2020-03-16,2386.13,20188.52,7020.38
2020-03-17,2529.19,21237.38,7473.95
2020-03-18,2398.1,19898.92,7175.18
2020-03-19,2409.39,20087.19,7288.52
2020-03-20,2304.92,19173.98,6994.29
2020-03-23,2237.4,18591.93,7006.92
2020-03-24,2447.33,20704.91,7553.82
2020-03-25,2475.56,21200.55,7469.62
2020-03-26,2630.07,22552.17,7897.13
2020-03-27,2541.47,21636.78,7588.37
2020-03-30,2626.65,22327.48,7889.01
2020-03-31,2584.59,21917.16,7813.5
2020-04-01,2470.5,20943.51,7486.29
2020-04-02,2526.9,21413.44,7635.66
2020-04-03,2488.65,21052.53,7528.11
2020-04-06,2663.68,22679.99,8081.66
2020-04-07,2659.41,22653.86,8049.31
2020-04-08,2749.98,23433.57,8229.54
2020-04-09,2789.82,23719.37,8238.53
2020-04-10,,,
2020-04-13,2761.63,23390.77,8332.74
2020-04-14,2846.06,23949.76,8692.16
2020-04-15,2783.36,23504.35,8591.96
2020-04-16,2799.55,23537.68,8757.83
2020-04-17,2874.56,24242.49,8832.41
2020-04-20,2823.16,23650.44,8726.51
2020-04-21,2736.56,23018.88,8403.0
2020-04-22,2799.31,23475.82,8664.63
2020-04-23,2797.8,23515.26,8641.5
2020-04-24,2836.74,23775.27,8786.6
2020-04-27,2878.48,24133.78,8837.66
2020-04-28,2863.39,24101.55,8677.6
2020-04-29,2939.51,24633.86,8982.76
2020-04-30,2912.43,24345.72,9000.51
2020-05-01,2830.71,23723.69,8718.18
2020-05-04,2842.74,23749.76,8834.11
2020-05-05,2868.44,23883.09,8930.62
2020-05-06,2848.42,23664.64,8984.86
2020-05-07,2881.19,23875.89,9101.88
2020-05-08,2929.8,24331.32,9220.35
2020-05-11,2930.32,24221.99,9298.92
2020-05-12,2870.12,23764.78,9112.45
2020-05-13,2820.0,23247.97,9000.08
2020-05-14,2852.5,23625.34,9094.43
2020-05-15,2863.7,23685.42,9152.64
2020-05-18,2953.91,24597.37,9331.93
2020-05-19,2922.94,24206.86,9298.54
2020-05-20,2971.61,24575.9,9485.02
2020-05-21,2948.51,24474.12,9377.99
2020-05-22,2955.45,24465.16,9413.99
2020-05-25,,,
2020-05-26,2991.77,24995.11,9389.98
2020-05-27,3036.13,25548.27,9442.05
2020-05-28,3029.73,25400.64,9416.71
2020-05-29,3044.31,25383.11,9555.52
2020-06-01,3055.73,25475.02,9598.89
2020-06-02,3080.82,25742.65,9657.31
2020-06-03,3122.87,26269.89,9704.69
2020-06-04,3112.35,26281.82,9629.66
2020-06-05,3193.93,27110.98,9824.39
2020-06-08,3232.39,27572.44,9901.52
2020-06-09,3207.18,27272.3,9967.17
2020-06-10,3190.14,26989.99,10094.26
2020-06-11,3002.1,25128.17,9588.48
2020-06-12,3041.31,25605.54,9663.77
2020-06-15,3066.59,25763.16,9776.89
2020-06-16,3124.74,26289.98,9949.37
2020-06-17,3113.49,26119.61,9982.48
2020-06-18,3115.34,26080.1,10012.05
2020-06-19,3097.74,25871.46,10008.64
2020-06-22,3117.86,26024.96,10130.33
2020-06-23,3131.29,26156.1,10209.82
2020-06-24,3050.33,25445.94,10002.7
2020-06-25,3083.76,25745.6,10101.83
2020-06-26,3009.05,25015.55,9849.36
2020-06-29,3053.24,25595.8,9961.16
2020-06-30,3100.29,25812.88,10156.85
2020-07-01,3115.86,25734.97,10279.25
2020-07-02,3130.01,25827.36,10341.89
2020-07-03,,,
2020-07-06,3179.72,26287.03,10604.06
2020-07-07,3145.32,25890.18,10524.01
2020-07-08,3169.94,26067.28,10666.7
2020-07-09,3152.05,25706.09,10754.59
2020-07-10,3185.04,26075.3,10836.33
2020-07-13,3155.22,26085.8,10602.21
2020-07-14,3197.52,26642.59,10689.52
2020-07-15,3226.56,26870.1,10701.68
2020-07-16,3215.57,26734.71,10626.46
2020-07-17,3224.73,26671.95,10645.22
2020-07-20,3251.84,26680.87,10952.08
2020-07-21,3257.3,26840.4,10833.07
2020-07-22,3276.02,27005.84,10870.75
2020-07-23,3235.66,26652.33,10580.59
2020-07-24,3215.63,26469.89,10483.13
2020-07-27,3239.41,26584.77,10674.38
2020-07-28,3218.44,26379.28,10532.5
2020-07-29,3258.44,26539.57,10662.98
2020-07-30,3246.22,26313.65,10715.51
2020-07-31,3271.12,26428.32,10905.88
2020-08-03,3294.61,26664.4,11055.08
2020-08-04,3306.51,26828.47,11096.54
2020-08-05,3327.77,27201.52,11125.44
2020-08-06,3349.16,27386.98,11267.08
2020-08-07,3351.28,27433.48,11139.39
2020-08-10,3360.47,27791.44,11085.17
2020-08-11,3333.69,27686.91,10876.08
2020-08-12,3380.35,27976.84,11157.72
2020-08-13,3373.43,27896.72,11178.37
2020-08-14,3372.85,27931.02,11164.45
2020-08-17,3381.99,27844.91,11288.57
2020-08-18,3389.78,27778.07,11399.03
2020-08-19,3374.85,27692.88,11318.64
2020-08-20,3385.51,27739.73,11477.05
2020-08-21,3397.16,27930.33,11555.16
2020-08-24,3431.28,28308.46,11626.17
2020-08-25,3443.62,28248.44,11721.81
2020-08-26,3478.73,28331.92,11971.94
2020-08-27,3484.55,28492.27,11926.16
2020-08-28,3508.01,28653.87,11995.85
2020-08-31,3500.31,28430.05,12110.7
2020-09-01,3526.65,28645.66,12292.86
2020-09-02,3580.84,29100.5,12420.54
2020-09-03,3455.06,28292.73,11771.37
2020-09-04,3426.96,28133.31,11622.13
2020-09-07,,,
2020-09-08,3331.84,27500.89,11068.26
2020-09-09,3398.96,27940.47,11395.85
2020-09-10,3339.19,27534.58,11154.12
2020-09-11,3340.97,27665.64,11087.4
2020-09-14,3383.54,27993.33,11277.76
2020-09-15,3401.2,27995.6,11438.87
2020-09-16,3385.49,28032.38,11247.6
2020-09-17,3357.01,27901.98,11080.95
2020-09-18,3319.47,27657.42,10936.98
2020-09-21,3281.06,27147.7,10980.22
2020-09-22,3315.57,27288.18,11186.37
2020-09-23,3236.92,26763.13,10833.33
2020-09-24,3246.59,26815.44,10896.47
2020-09-25,3298.46,27173.96,11151.13
2020-09-28,3351.6,27584.06,11364.45
2020-09-29,3335.47,27452.66,11322.95
2020-09-30,3363.0,27781.7,11418.06
2020-10-01,3380.8,27816.9,11583.2
2020-10-02,3348.44,27682.81,11255.69
2020-10-05,3408.63,28148.64,11509.06
2020-10-06,3360.95,27772.76,11291.27
2020-10-07,3419.45,28303.46,11503.19
2020-10-08,3446.83,28425.51,11550.94
2020-10-09,3477.13,28586.9,11725.85
2020-10-12,3534.22,28837.52,12088.11
2020-10-13,3511.93,28679.81,12083.17
2020-10-14,3488.67,28514.0,11985.36
2020-10-15,3483.34,28494.2,11898.57
2020-10-16,3483.81,28606.31,11852.17
2020-10-19,3426.92,28195.42,11634.35
2020-10-20,3443.12,28308.79,11677.84
2020-10-21,3435.56,28210.82,11665.37
2020-10-22,3453.49,28363.66,11662.91
2020-10-23,3465.39,28335.57,11692.57
2020-10-26,3400.97,27685.38,11504.52
2020-10-27,3390.68,27463.19,11598.95
2020-10-28,3271.03,26519.95,11142.76
2020-10-29,3310.11,26659.11,11350.74
2020-10-30,3269.96,26501.6,11052.95
2020-11-02,3310.24,26925.05,11084.76
2020-11-03,3369.16,27480.03,11279.91
2020-11-04,3443.44,27847.66,11777.02
2020-11-05,3510.45,28390.18,12078.07
2020-11-06,3509.44,28323.4,12091.35
2020-11-09,3550.5,29157.97,11830.39
2020-11-10,3545.53,29420.92,11624.29
2020-11-11,3572.66,29397.63,11892.93
2020-11-12,3537.01,29080.17,11827.14
2020-11-13,3585.15,29479.81,11937.84
2020-11-16,3626.91,29950.44,12013.38
2020-11-17,3609.53,29783.35,11977.49
2020-11-18,3567.79,29438.42,11894.71
2020-11-19,3581.87,29483.23,11985.43
2020-11-20,3557.54,29263.48,11906.44
2020-11-23,3577.59,29591.27,11905.94
2020-11-24,3635.41,30046.24,12079.81
2020-11-25,3629.65,29872.47,12152.22
2020-11-26,,,
2020-11-27,3638.35,29910.37,12258.21
2020-11-30,3621.63,29638.64,12268.32
2020-12-01,3662.45,29823.92,12455.33
2020-12-02,3669.01,29883.79,12456.41
2020-12-03,3666.72,29969.52,12467.13
2020-12-04,3699.12,30218.26,12528.48
2020-12-07,3691.96,30069.79,12596.47
2020-12-08,3702.25,30173.88,12635.72
2020-12-09,3672.82,30068.81,12364.64
2020-12-10,3668.1,29999.26,12401.74
2020-12-11,3663.46,30046.37,12375.41
2020-12-14,3647.49,29861.55,12462.21
2020-12-15,3694.62,30199.31,12595.92
2020-12-16,3701.17,30154.54,12668.16
2020-12-17,3722.48,30303.37,12752.06
2020-12-18,3709.41,30179.05,12738.18
2020-12-21,3694.92,30216.45,12690.26
2020-12-22,3687.26,30015.51,12717.56
2020-12-23,3690.01,30129.83,12653.14
2020-12-24,3703.06,30199.87,12711.01
2020-12-25,,,
2020-12-28,3735.36,30403.97,12838.86
2020-12-29,3727.04,30335.67,12843.49
2020-12-30,3732.04,30409.56,12845.36
2020-12-31,3756.07,30606.48,12888.28
2021-01-01,,,
2021-01-04,3700.65,30223.89,12694.66
2021-01-05,3726.86,30391.6,12802.38
2021-01-06,3748.14,30829.4,12623.35
2021-01-07,3803.79,31041.13,12939.57
2021-01-08,3824.68,31097.97,13105.2
2021-01-11,3799.61,31008.69,12902.49
2021-01-12,3801.19,31068.69,12892.09
2021-01-13,3809.84,31060.47,12973.63
2021-01-14,3795.54,30991.52,12898.69
2021-01-15,3768.25,30814.26,12803.93
2021-01-18,,,
2021-01-19,3798.91,30930.52,12996.54
2021-01-20,3851.85,31188.38,13296.45
2021-01-21,3853.07,31176.01,13404.99
2021-01-22,3841.47,30996.98,13366.4
2021-01-25,3855.36,30960.0,13483.29
2021-01-26,3849.62,30937.04,13490.19
2021-01-27,3750.77,30303.17,13112.65
2021-01-28,3787.38,30603.36,13201.53
2021-01-29,3714.24,29982.62,12925.38
2021-02-01,3773.86,30211.91,13248.9
2021-02-02,3826.31,30687.48,13456.12
2021-02-03,3830.17,30723.6,13402.37
2021-02-04,3871.74,31055.86,13560.89
2021-02-05,3886.83,31148.24,13603.96
2021-02-08,3915.59,31385.76,13695.02
2021-02-09,3911.23,31375.83,13687.08
2021-02-10,3909.88,31437.8,13655.27
2021-02-11,3916.38,31430.7,13734.35
2021-02-12,3934.83,31458.4,13807.7
2021-02-15,,,
2021-02-16,3932.59,31522.75,13773.77
2021-02-17,3931.33,31613.02,13699.71
2021-02-18,3913.97,31493.34,13637.51
2021-02-19,3906.71,31494.32,13580.78
2021-02-22,3876.5,31521.69,13223.74
2021-02-23,3881.37,31537.35,13194.71
2021-02-24,3925.43,31961.86,13302.19
2021-02-25,3829.34,31402.01,12828.31
2021-02-26,3811.15,30932.37,12909.44
2021-03-01,3901.82,31535.51,13282.95
2021-03-02,3870.29,31391.52,13059.95
2021-03-03,3819.72,31270.09,12683.33
2021-03-04,3768.47,30924.14,12464.0
2021-03-05,3841.94,31496.3,12668.51
2021-03-08,3821.35,31802.44,12299.08
2021-03-09,3875.44,31832.74,12794.49
2021-03-10,3898.81,32297.02,12752.07
2021-03-11,3939.34,32485.59,13052.9
2021-03-12,3943.34,32778.64,12937.29
2021-03-15,3968.94,32953.46,13082.54
2021-03-16,3962.71,32825.95,13152.28
2021-03-17,3974.12,33015.37,13202.38
2021-03-18,3915.46,32862.3,12789.14
2021-03-19,3913.1,32627.97,12866.99
2021-03-22,3940.59,32731.2,13086.51
2021-03-23,3910.52,32423.15,13017.79
2021-03-24,3889.14,32420.06,12798.88
2021-03-25,3909.52,32619.48,12780.51
2021-03-26,3974.54,33072.88,12979.12
2021-03-29,3971.09,33171.37,12965.74
2021-03-30,3958.55,33066.96,12896.53
2021-03-31,3972.89,32981.55,13091.44
2021-04-01,4019.87,33153.21,13329.51
2021-04-02,,,
2021-04-05,4077.91,33527.19,13598.16
2021-04-06,4073.94,33430.24,13578.46
2021-04-07,4079.95,33446.26,13616.7
2021-04-08,4097.17,33503.57,13758.5
2021-04-09,4128.8,33800.6,13845.05
2021-04-12,4127.99,33745.4,13819.35
2021-04-13,4141.59,33677.27,13986.49
2021-04-14,4124.66,33730.89,13803.91
2021-04-15,4170.42,34035.99,14026.19
2021-04-16,4185.47,34200.67,14041.91
2021-04-19,4163.26,34077.63,13907.67
2021-04-20,4134.94,33821.3,13809.3
2021-04-21,4173.42,34137.31,13935.15
2021-04-22,4134.98,33815.9,13762.36
2021-04-23,4180.17,34043.49,13941.44
2021-04-26,4187.62,33981.57,14026.16
2021-04-27,4186.72,33984.93,13960.28
2021-04-28,4183.18,33820.38,13901.62
2021-04-29,4211.47,34060.36,13970.2
2021-04-30,4181.17,33874.85,13860.76
2021-05-03,4192.66,34113.23,13799.72
2021-05-04,4164.66,34133.03,13544.67
2021-05-05,4167.59,34230.34,13503.37
2021-05-06,4201.62,34548.53,13613.73
2021-05-07,4232.6,34777.76,13719.63
2021-05-10,4188.43,34742.82,13359.08
2021-05-11,4152.1,34269.16,13351.27
2021-05-12,4063.04,33587.66,13001.63
2021-05-13,4112.5,34021.45,13109.15
2021-05-14,4173.85,34382.13,13312.91
2021-05-17,4163.29,34327.79,13312.91
2021-05-18,4127.83,34060.66,13217.68
2021-05-19,4115.68,33896.04,13237.91
2021-05-20,4159.12,34084.15,13494.09
2021-05-21,4155.86,34207.84,13411.74
2021-05-24,4197.05,34393.98,13641.75
2021-05-25,4188.13,34312.46,13657.73
2021-05-26,4195.99,34323.05,13702.74
2021-05-27,4200.88,34464.64,13657.85
2021-05-28,4204.11,34529.45,13686.51
2021-05-31,,,
2021-06-01,4202.04,34575.31,13654.59
2021-06-02,4208.12,34600.38,13675.79
2021-06-03,4192.85,34577.04,13529.68
2021-06-04,4229.89,34756.39,13770.77
2021-06-07,4226.52,34630.24,13802.89
2021-06-08,4227.26,34599.82,13810.86
2021-06-09,4219.55,34447.14,13814.94
2021-06-10,4239.18,34466.24,13960.35
2021-06-11,4247.44,34479.6,13998.3
2021-06-14,4255.15,34393.75,14128.2
2021-06-15,4246.59,34299.33,14030.41
2021-06-16,4223.7,34033.67,13983.01
2021-06-17,4221.86,33823.45,14163.81
2021-06-18,4166.45,33290.08,14049.58
2021-06-21,4224.79,33876.97,14137.23
2021-06-22,4246.44,33945.58,14270.42
2021-06-23,4241.84,33874.24,14274.24
2021-06-24,4266.49,34196.82,14365.96
2021-06-25,4280.7,34433.84,14345.18
2021-06-28,4290.61,34283.27,14524.98
2021-06-29,4291.8,34292.29,14572.75
2021-06-30,4297.5,34502.51,14554.8
2021-07-01,4319.94,34633.53,14560.05
2021-07-02,4352.34,34786.35,14727.63
2021-07-05,,,
2021-07-06,4343.54,34577.37,14786.36
2021-07-07,4358.13,34681.79,14810.54
2021-07-08,4320.82,34421.93,14722.14
2021-07-09,4369.55,34870.16,14826.09
2021-07-12,4384.63,34996.18,14877.89
2021-07-13,4369.21,34888.79,14874.54
2021-07-14,4374.3,34933.23,14900.44
2021-07-15,4360.03,34987.02,14794.69
2021-07-16,4327.16,34687.85,14681.38
2021-07-19,4258.49,33962.04,14549.09
2021-07-20,4323.06,34511.99,14728.21
2021-07-21,4358.69,34798.0,14842.63
2021-07-22,4367.48,34823.35,14940.17
2021-07-23,4411.79,35061.55,15111.79
2021-07-26,4422.3,35144.31,15125.95
2021-07-27,4401.46,35058.52,14956.97
2021-07-28,4400.64,34930.93,15018.1
2021-07-29,4419.15,35084.53,15048.36
2021-07-30,4395.26,34935.47,14959.9
2021-08-02,4387.16,34838.16,14963.62
2021-08-03,4423.15,35116.4,15061.42
2021-08-04,4402.66,34792.67,15083.39
2021-08-05,4429.1,35064.25,15181.64
2021-08-06,4436.52,35208.51,15109.36
2021-08-09,4432.35,35101.85,15133.11
2021-08-10,4436.75,35264.67,15053.58
2021-08-11,4447.7,35484.97,15027.76
2021-08-12,4460.83,35499.85,15088.98
2021-08-13,4468.0,35515.38,15136.68
2021-08-16,4479.71,35625.4,15140.77
2021-08-17,4448.08,35343.28,15002.83
2021-08-18,4400.27,34960.69,14857.92
2021-08-19,4405.8,34894.12,14933.94
2021-08-20,4441.67,35120.08,15092.57
2021-08-23,4479.53,35335.71,15312.82
2021-08-24,4486.23,35366.26,15357.68
2021-08-25,4496.19,35405.5,15368.92
2021-08-26,4470.0,35213.12,15278.52
2021-08-27,4509.37,35455.8,15432.95
2021-08-30,4528.79,35399.84,15605.09
2021-08-31,4522.68,35360.73,15582.51
2021-09-01,4524.09,35312.53,15611.57
2021-09-02,4536.95,35443.82,15604.25
2021-09-03,4535.43,35369.09,15652.86
2021-09-06,,,
2021-09-07,4520.03,35100.0,15675.76
2021-09-08,4514.07,35031.07,15620.85
2021-09-09,4493.28,34879.38,15561.05
2021-09-10,4458.58,34607.72,15440.75
2021-09-13,4468.73,34869.63,15434.5
2021-09-14,4443.05,34577.57,15382.9
2021-09-15,4480.7,34814.39,15503.53
2021-09-16,4473.75,34751.32,15515.91
2021-09-17,4432.99,34584.88,15333.47
2021-09-20,4357.73,33970.47,15012.19
2021-09-21,4354.19,33919.84,15027.77
2021-09-22,4395.64,34258.32,15176.51
2021-09-23,4448.98,34764.82,15316.58
2021-09-24,4455.48,34798.0,15329.68
2021-09-27,4443.11,34869.37,15204.82
2021-09-28,4352.63,34299.99,14770.3
2021-09-29,4359.46,34390.72,14752.89
2021-09-30,4307.54,33843.92,14689.62
2021-10-01,4357.04,34326.46,14791.87
2021-10-04,4300.46,34002.92,14472.12
2021-10-05,4345.72,34314.67,14674.15
2021-10-06,4363.55,34416.99,14766.75
2021-10-07,4399.76,34754.94,14897.13
2021-10-08,4391.34,34746.25,14820.75
2021-10-11,4361.19,34496.06,14713.73
2021-10-12,4350.65,34378.34,14662.11
2021-10-13,4363.8,34377.81,14774.6
2021-10-14,4438.26,34912.56,15052.42
2021-10-15,4471.37,35294.76,15146.92
2021-10-18,4486.46,35258.61,15300.89
2021-10-19,4519.63,35457.31,15410.72
2021-10-20,4536.19,35609.34,15388.71
2021-10-21,4549.78,35603.08,15489.59
2021-10-22,4544.9,35677.02,15355.07
2021-10-25,4566.48,35741.15,15514.19
2021-10-26,4574.79,35756.88,15559.49
2021-10-27,4551.68,35490.69,15598.39
2021-10-28,4596.42,35730.48,15778.16
2021-10-29,4605.38,35819.56,15850.47
2021-11-01,4613.67,35913.84,15905.28
2021-11-02,4630.65,36052.63,15972.49
2021-11-03,4660.57,36157.58,16144.5
2021-11-04,4680.06,36124.23,16346.24
2021-11-05,4697.53,36327.95,16359.38
2021-11-08,4701.7,36432.22,16336.03
2021-11-09,4685.25,36319.98,16219.94
2021-11-10,4646.71,36079.94,15985.57
2021-11-11,4649.27,35921.23,16032.47
2021-11-12,4682.85,36100.31,16199.89
2021-11-15,4682.8,36087.45,16189.12
2021-11-16,4700.9,36142.22,16309.77
2021-11-17,4688.67,35931.05,16308.07
2021-11-18,4704.54,35870.95,16482.97
2021-11-19,4697.96,35601.98,16573.34
2021-11-22,4682.94,35619.25,16380.98
2021-11-23,4690.7,35813.8,16306.72
2021-11-24,4701.46,35804.38,16367.81
2021-11-25,,,
2021-11-26,4594.62,34899.34,16025.58
2021-11-29,4655.27,35135.94,16399.24
2021-11-30,4567.0,34483.72,16135.92
2021-12-01,4513.04,34022.04,15877.72
2021-12-02,4577.1,34639.79,15990.76
2021-12-03,4538.43,34580.08,15712.04
2021-12-06,4591.67,35227.03,15846.16
2021-12-07,4686.75,35719.43,16325.66
2021-12-08,4701.21,35754.75,16394.34
2021-12-09,4667.45,35754.69,16149.57
2021-12-10,4712.02,35970.99,16331.98
2021-12-13,4668.97,35650.95,16082.55
2021-12-14,4634.09,35544.18,15914.9
2021-12-15,4709.85,35927.43,16289.59
2021-12-16,4668.67,35897.64,15863.94
2021-12-17,4620.64,35365.44,15801.46
2021-12-20,4568.02,34932.16,15627.64
2021-12-21,4649.23,35492.7,15986.28
2021-12-22,4696.56,35753.89,16180.14
2021-12-23,4725.79,35950.56,16308.21
2021-12-24,,,
2021-12-27,4791.19,36302.38,16567.5
2021-12-28,4786.35,36398.21,16488.66
2021-12-29,4793.06,36488.63,16491.01
2021-12-30,4778.73,36398.08,16429.1
2021-12-31,4766.18,36338.3,16320.08
2022-01-03,4796.56,36585.06,16501.77
2022-01-04,4793.54,36799.65,16279.73
2022-01-05,4700.58,36407.11,15771.78
2022-01-06,4696.05,36236.47,15765.36
2022-01-07,4677.03,36231.66,15592.19
2022-01-10,4670.29,36068.87,15614.43
2022-01-11,4713.07,36252.02,15844.12
2022-01-12,4726.35,36290.32,15905.1
2022-01-13,4659.03,36113.62,15495.62
2022-01-14,4662.85,35911.81,15611.59
2022-01-17,,,
2022-01-18,4577.11,35368.47,15210.76
2022-01-19,4532.76,35028.65,15047.84
2022-01-20,4482.73,34715.39,14846.46
2022-01-21,4397.94,34265.37,14438.4
2022-01-24,4410.13,34364.5,14509.58
2022-01-25,4356.45,34297.73,14149.12
2022-01-26,4349.93,34168.09,14172.76
2022-01-27,4326.51,34160.78,14003.11
2022-01-28,4431.85,34725.47,14454.61
2022-01-31,4515.55,35131.86,14930.05
2022-02-01,4546.54,35405.24,15019.68
2022-02-02,4589.38,35629.33,15139.74
2022-02-03,4477.44,35111.16,14501.11
2022-02-04,4500.53,35089.74,14694.35
2022-02-07,4483.87,35091.13,14571.25
2022-02-08,4521.54,35462.78,14747.03
2022-02-09,4587.18,35768.06,15056.96
2022-02-10,4504.08,35241.59,14705.64
2022-02-11,4418.64,34738.06,14253.84
2022-02-14,4401.67,34566.17,14268.59
2022-02-15,4471.07,34988.84,14620.82
2022-02-16,4475.01,34934.27,14603.64
2022-02-17,4380.26,34312.03,14171.74
2022-02-18,4348.87,34079.18,14009.54
2022-02-21,,,
2022-02-22,4304.76,33596.61,13870.53
2022-02-23,4225.5,33131.76,13509.43
2022-02-24,4288.7,33223.83,13974.67
2022-02-25,4384.65,34058.75,14189.16
2022-02-28,4373.94,33892.6,14237.81
2022-03-01,4306.26,33294.95,14005.99
2022-03-02,4386.54,33891.35,14243.69
2022-03-03,4363.49,33794.66,14035.21
2022-03-04,4328.87,33614.8,13837.83
2022-03-07,4201.09,32817.38,13319.38
2022-03-08,4170.7,32632.64,13267.6
2022-03-09,4277.88,33286.25,13742.2
2022-03-10,4259.52,33174.07,13591.0
2022-03-11,4204.31,32944.19,13301.83
2022-03-14,4173.11,32945.24,13046.64
2022-03-15,4262.45,33544.34,13458.56
2022-03-16,4357.86,34063.1,13956.78
2022-03-17,4411.67,34480.76,14118.6
2022-03-18,4463.12,34754.93,14420.08
2022-03-21,4461.18,34552.99,14376.09
2022-03-22,4511.61,34807.46,14654.33
2022-03-23,4456.24,34358.5,14447.55
2022-03-24,4520.16,34707.94,14765.69
2022-03-25,4543.06,34861.24,14754.31
2022-03-28,4575.52,34955.89,14987.4
2022-03-29,4631.6,35294.19,15239.32
2022-03-30,4602.45,35228.81,15071.55
2022-03-31,4530.41,34678.35,14838.49
2022-04-01,4545.86,34818.27,14861.21
2022-04-04,4582.64,34921.88,15159.58
2022-04-05,4525.12,34641.18,14820.64
2022-04-06,4481.15,34496.51,14498.88
2022-04-07,4500.21,34583.57,14531.81
2022-04-08,4488.28,34721.12,14327.26
2022-04-11,4412.53,34308.08,13990.21
2022-04-12,4397.45,34220.36,13940.24
2022-04-13,4446.59,34564.59,14217.29
2022-04-14,4392.59,34451.23,13893.21
2022-04-15,,,
2022-04-18,4391.69,34411.69,13910.76
2022-04-19,4462.21,34911.2,14210.26
2022-04-20,4459.45,35160.79,13998.53
2022-04-21,4393.66,34792.76,13720.45
2022-04-22,4271.78,33811.4,13356.87
2022-04-25,4296.12,34049.46,13533.22
2022-04-26,4175.2,33240.18,13009.71
2022-04-27,4183.96,33301.93,13003.36
2022-04-28,4287.5,33916.39,13456.06
2022-04-29,4131.93,32977.21,12854.8
2022-05-02,4155.38,33061.5,13075.85
2022-05-03,4175.48,33128.79,13089.9
2022-05-04,4300.17,34061.06,13535.71
2022-05-05,4146.87,32997.97,12850.55
2022-05-06,4123.34,32899.37,12693.53
2022-05-09,3991.24,32245.7,12187.72
2022-05-10,4001.05,32160.74,12345.86
2022-05-11,3935.18,31834.11,11967.56
2022-05-12,3930.08,31730.3,11945.5
2022-05-13,4023.89,32196.66,12387.4
2022-05-16,4008.01,32223.42,12243.58
2022-05-17,4088.85,32654.59,12564.1
2022-05-18,3923.68,31490.07,11928.31
2022-05-19,3900.79,31253.13,11875.63
2022-05-20,3901.36,31261.9,11835.62
2022-05-23,3973.75,31880.24,12034.28
2022-05-24,3941.48,31928.62,11769.84
2022-05-25,3978.73,32120.28,11943.93
2022-05-26,4057.84,32637.19,12276.79
2022-05-27,4158.24,33212.96,12681.42
2022-05-30,,,
2022-05-31,4132.15,32990.12,12642.1
2022-06-01,4101.23,32813.23,12548.36
2022-06-02,4176.82,33248.28,12892.89
2022-06-03,4108.54,32899.7,12548.03
2022-06-06,4121.43,32915.78,12599.63
2022-06-07,4160.68,33180.14,12711.68
2022-06-08,4115.77,32910.9,12615.13
2022-06-09,4017.82,32272.79,12269.78
2022-06-10,3900.86,31392.79,11832.82
2022-06-13,3749.63,30516.74,11288.32
2022-06-14,3735.48,30364.83,11311.69
2022-06-15,3789.99,30668.53,11593.77
2022-06-16,3666.77,29927.07,11127.57
2022-06-17,3674.84,29888.78,11265.99
2022-06-20,,,
2022-06-21,3764.79,30530.25,11546.76
2022-06-22,3759.89,30483.13,11527.71
2022-06-23,3795.73,30677.36,11697.68
2022-06-24,3911.74,31500.68,12105.85
2022-06-27,3900.11,31438.26,12008.24
2022-06-28,3821.55,30946.99,11637.77
2022-06-29,3818.83,31029.31,11658.26
2022-06-30,3785.38,30775.43,11503.72
2022-07-01,3825.33,31097.26,11585.68
2022-07-04,,,
2022-07-05,3831.39,30967.82,11779.9
2022-07-06,3845.08,31037.68,11852.59
2022-07-07,3902.62,31384.55,12109.05
2022-07-08,3899.38,31338.15,12125.69
2022-07-11,3854.43,31173.84,11860.28
2022-07-12,3818.8,30981.33,11744.99
2022-07-13,3801.78,30772.79,11728.53
2022-07-14,3790.38,30630.17,11768.4
2022-07-15,3863.16,31288.26,11983.62
2022-07-18,3830.85,31072.61,11877.5
2022-07-19,3936.69,31827.05,12249.42
2022-07-20,3959.9,31874.84,12439.68
2022-07-21,3998.95,32036.9,12619.41
2022-07-22,3961.63,31899.29,12396.47
2022-07-25,3966.84,31990.04,12328.41
2022-07-26,3921.05,31761.54,12086.9
2022-07-27,4023.61,32197.59,12601.47
2022-07-28,4072.43,32529.63,12717.87
2022-07-29,4130.29,32845.13,12947.97
2022-08-01,4118.63,32798.4,12940.78
2022-08-02,4091.19,32396.17,12901.6
2022-08-03,4155.17,32812.5,13253.26
2022-08-04,4151.94,32726.82,13311.04
2022-08-05,4145.19,32803.47,13207.69
2022-08-08,4140.06,32832.54,13159.16
2022-08-09,4122.47,32774.41,13008.17
2022-08-10,4210.24,33309.51,13378.32
2022-08-11,4207.27,33336.67,13291.99
2022-08-12,4280.15,33761.05,13565.87
2022-08-15,4297.14,33912.44,13667.18
2022-08-16,4305.2,34152.01,13635.21
2022-08-17,4274.04,33980.32,13470.86
2022-08-18,4283.74,33999.04,13505.99
2022-08-19,4228.48,33706.74,13242.9
2022-08-22,4137.99,33063.61,12890.54
2022-08-23,4128.73,32909.59,12881.79
2022-08-24,4140.77,32969.23,12917.86
2022-08-25,4199.12,33291.78,13143.58
2022-08-26,4057.66,32283.4,12605.17
2022-08-29,4030.61,32098.99,12484.32
2022-08-30,3986.16,31790.87,12342.7
2022-08-31,3955.0,31510.43,12272.03
2022-09-01,3966.85,31656.42,12274.62
2022-09-02,3924.26,31318.44,12098.44
2022-09-05,,,
2022-09-06,3908.19,31145.3,12011.31
2022-09-07,3979.87,31581.28,12259.39
2022-09-08,4006.18,31774.52,12321.19
2022-09-09,4067.36,32151.71,12588.29
2022-09-12,4110.41,32381.34,12739.72
2022-09-13,3932.69,31104.97,12033.62
2022-09-14,3946.01,31135.09,12134.4
2022-09-15,3901.35,30961.82,11927.49
2022-09-16,3873.33,30822.42,11861.38
2022-09-19,3899.89,31019.68,11953.27
2022-09-20,3855.93,30706.23,11851.54
2022-09-21,3789.93,30183.78,11637.79
2022-09-22,3757.99,30076.68,11501.65
2022-09-23,3693.23,29590.41,11311.24
2022-09-26,3655.04,29260.81,11254.11
2022-09-27,3647.29,29134.99,11271.75
2022-09-28,3719.04,29683.74,11493.83
2022-09-29,3640.47,29225.61,11164.78
2022-09-30,3585.62,28725.51,10971.22
2022-10-03,3678.43,29490.89,11229.73
2022-10-04,3790.93,30316.32,11582.54
2022-10-05,3783.28,30273.87,11573.18
2022-10-06,3744.52,29926.94,11485.5
2022-10-07,3639.66,29296.79,11039.47
2022-10-10,3612.39,29202.88,10926.97
2022-10-11,3588.84,29239.19,10791.35
2022-10-12,3577.03,29210.85,10785.62
2022-10-13,3669.91,30038.72,11033.58
2022-10-14,3583.07,29634.83,10692.06
2022-10-17,3677.95,30185.82,11062.53
2022-10-18,3719.98,30523.8,11147.74
2022-10-19,3695.16,30423.81,11103.38
2022-10-20,3665.78,30333.59,11046.71
2022-10-21,3752.75,31082.56,11310.33
2022-10-24,3797.34,31499.62,11430.26
2022-10-25,3859.11,31836.74,11669.99
2022-10-26,3830.6,31839.11,11405.9
2022-10-27,3807.3,32033.28,11191.63
2022-10-28,3901.06,32861.8,11546.21
2022-10-31,3871.98,32732.95,11405.57
2022-11-01,3856.1,32653.2,11288.95
2022-11-02,3759.69,32147.76,10906.34
2022-11-03,3719.89,32001.25,10690.6
2022-11-04,3770.55,32403.22,10857.03
2022-11-07,3806.8,32827.0,10977.0
2022-11-08,3828.11,33160.83,11059.5
2022-11-09,3748.57,32513.94,10797.55
2022-11-10,3956.37,33715.37,11605.96
2022-11-11,3992.93,33747.86,11817.01
2022-11-14,3957.25,33536.7,11700.94
2022-11-15,3991.73,33592.92,11871.15
2022-11-16,3958.79,33553.83,11699.09
2022-11-17,3946.56,33546.32,11676.86
2022-11-18,3965.34,33745.69,11677.02
2022-11-21,3949.94,33700.28,11553.45
2022-11-22,4003.58,34098.1,11724.84
2022-11-23,4027.26,34194.06,11838.72
2022-11-24,,,
2022-11-25,4026.12,34347.03,11756.03
2022-11-28,3963.94,33849.46,11587.75
2022-11-29,3957.63,33852.53,11503.45
2022-11-30,4080.11,34589.77,12030.06
2022-12-01,4076.57,34395.01,12041.89
2022-12-02,4071.7,34429.88,11994.26
2022-12-05,3998.84,33947.1,11786.8
2022-12-06,3941.26,33596.34,11549.69
2022-12-07,3933.92,33597.92,11497.39
2022-12-08,3963.51,33781.48,11637.5
2022-12-09,3934.38,33476.46,11563.33
2022-12-12,3990.56,34005.04,11706.44
2022-12-13,4019.65,34108.64,11834.21
2022-12-14,3995.32,33966.35,11740.92
2022-12-15,3895.75,33202.22,11345.22
2022-12-16,3852.36,32920.46,11243.72
2022-12-19,3817.66,32757.54,11084.59
2022-12-20,3821.62,32849.74,11072.42
2022-12-21,3878.44,33376.48,11235.88
2022-12-22,3822.39,33027.49,10956.14
2022-12-23,3844.82,33203.93,10985.45
2022-12-26,,,
2022-12-27,3829.25,33241.56,10822.51
2022-12-28,3783.22,32875.71,10679.34
2022-12-29,3849.28,33220.8,10951.05
2022-12-30,3839.5,33147.25,10939.76
2023-01-02,,,
2023-01-03,3824.14,33136.37,10862.64
2023-01-04,3852.97,33269.77,10914.8
2023-01-05,3808.1,32930.08,10741.22
2023-01-06,3895.08,33630.61,11040.35
2023-01-09,3892.09,33517.65,11108.44
2023-01-10,3919.25,33704.1,11205.78
2023-01-11,3969.61,33973.01,11402.52
2023-01-12,3983.17,34189.97,11459.61
2023-01-13,3999.09,34302.61,11541.48
2023-01-16,,,
2023-01-17,3990.97,33910.85,11557.19
2023-01-18,3928.86,33296.96,11410.29
2023-01-19,3898.85,33044.56,11295.67
2023-01-20,3972.61,33375.49,11619.03
2023-01-23,4019.81,33629.56,11872.54
2023-01-24,4016.95,33733.96,11846.64
2023-01-25,4016.22,33743.84,11814.69
2023-01-26,4060.43,33949.41,12051.48
2023-01-27,4070.56,33978.08,12166.6
2023-01-30,4017.77,33717.09,11912.39
2023-01-31,4076.6,34086.04,12101.93
2023-02-01,4119.21,34092.96,12363.1
2023-02-02,4179.76,34053.94,12803.14
2023-02-03,4136.48,33926.01,12573.36
2023-02-06,4111.08,33891.02,12464.51
2023-02-07,4164.0,34156.69,12728.27
2023-02-08,4117.86,33949.01,12495.38
2023-02-09,4081.5,33699.88,12381.17
2023-02-10,4090.46,33869.27,12304.92
2023-02-13,4137.29,34245.93,12502.31
2023-02-14,4136.13,34089.27,12590.89
2023-02-15,4147.6,34128.05,12687.89
2023-02-16,4090.41,33696.85,12442.48
2023-02-17,4079.09,33826.69,12358.18
2023-02-20,,,
2023-02-21,3997.34,33129.59,12060.3
2023-02-22,3991.05,33045.09,12066.27
2023-02-23,4012.32,33153.91,12180.14
2023-02-24,3970.04,32816.92,11969.65
2023-02-27,3982.24,32889.09,12057.79
2023-02-28,3970.15,32656.7,12042.12
2023-03-01,3951.39,32661.84,11938.57
2023-03-02,3981.35,33003.57,12044.87
2023-03-03,4045.64,33390.97,12290.81
2023-03-06,4048.42,33431.44,12302.48
2023-03-07,3986.37,32856.46,12152.17
2023-03-08,3992.01,32798.4,12215.33
2023-03-09,3918.32,32254.86,11995.88
2023-03-10,3861.59,31909.64,11830.28
2023-03-13,3855.76,31819.14,11923.17
2023-03-14,3919.29,32155.4,12199.79
2023-03-15,3891.93,31874.57,12251.32
2023-03-16,3960.28,32246.55,12581.39
2023-03-17,3916.64,31861.98,12519.88
2023-03-20,3951.57,32244.58,12562.61
2023-03-21,4002.87,32560.6,12741.44
2023-03-22,3936.97,32030.11,12567.15
2023-03-23,3948.72,32105.25,12729.23
2023-03-24,3970.99,32237.53,12767.05
2023-03-27,3977.53,32432.08,12673.07
2023-03-28,3971.27,32394.25,12610.57
2023-03-29,4027.81,32717.6,12846.03
2023-03-30,4050.83,32859.03,12963.14
2023-03-31,4109.31,33274.15,13181.35
2023-04-03,4124.51,33601.15,13148.35
2023-04-04,4100.6,33402.38,13100.07
2023-04-05,4090.38,33482.72,12967.2
2023-04-06,4105.02,33485.29,13062.6
2023-04-07,,,
2023-04-10,4109.11,33586.52,13051.23
2023-04-11,4108.94,33684.79,12964.15
2023-04-12,4091.95,33646.5,12848.35
2023-04-13,4146.22,34029.69,13109.39
2023-04-14,4137.64,33886.47,13079.52
2023-04-17,4151.32,33987.18,13087.71
2023-04-18,4154.87,33976.63,13091.79
2023-04-19,4154.52,33897.01,13088.71
2023-04-20,4129.79,33786.62,12985.98
2023-04-21,4133.52,33808.96,13000.77
2023-04-24,4137.04,33875.4,12969.76
2023-04-25,4071.63,33530.83,12725.11
2023-04-26,4055.99,33301.87,12806.48
2023-04-27,4135.35,33826.16,13160.03
2023-04-28,4169.48,34098.16,13245.99
2023-05-01,4167.87,34051.7,13231.47
2023-05-02,4119.58,33684.53,13113.66
2023-05-03,4090.75,33414.24,13030.21
2023-05-04,4061.22,33127.74,12982.48
2023-05-05,4136.25,33674.38,13259.13
2023-05-08,4138.12,33618.69,13291.64
2023-05-09,4119.17,33561.81,13201.11
2023-05-10,4137.64,33531.33,13347.83
2023-05-11,4130.62,33309.51,13389.78
2023-05-12,4124.08,33300.62,13340.18
2023-05-15,4136.28,33348.6,13413.51
2023-05-16,4109.9,33012.14,13426.01
2023-05-17,4158.77,33420.77,13589.26
2023-05-18,4198.05,33535.91,13834.62
2023-05-19,4191.98,33426.63,13803.49
2023-05-22,4192.63,33286.58,13849.74
2023-05-23,4145.58,33055.51,13672.54
2023-05-24,4115.24,32799.92,13604.48
2023-05-25,4151.28,32764.65,13938.53
2023-05-26,4205.45,33093.34,14298.41
2023-05-29,,,
2023-05-30,4205.52,33042.78,14354.99
2023-05-31,4179.83,32908.27,14254.09
2023-06-01,4221.02,33061.57,14441.51
2023-06-02,4282.37,33762.76,14546.64
2023-06-05,4273.79,33562.86,14556.5
2023-06-06,4283.85,33573.28,14558.09
2023-06-07,4267.52,33665.02,14303.29
2023-06-08,4293.93,33833.61,14484.54
2023-06-09,4298.86,33876.78,14528.36
2023-06-12,4338.93,34066.33,14784.3
2023-06-13,4369.01,34212.12,14900.85
2023-06-14,4372.59,33979.33,15005.69
2023-06-15,4425.84,34408.06,15185.48
2023-06-16,4409.59,34299.12,15083.92
2023-06-19,,,
2023-06-20,4388.71,34053.87,15070.15
2023-06-21,4365.69,33951.52,14867.45
2023-06-22,4381.89,33946.71,15042.32
2023-06-23,4348.33,33727.43,14891.48
2023-06-26,4328.82,33714.71,14689.02
2023-06-27,4378.41,33926.74,14945.91
2023-06-28,4376.86,33852.66,14964.57
2023-06-29,4396.44,34122.42,14939.95
2023-06-30,4450.38,34407.6,15179.21
2023-07-03,4455.59,34418.47,15208.69
2023-07-04,,,
2023-07-05,4446.82,34288.64,15203.78
2023-07-06,4411.59,33922.26,15089.45
2023-07-07,4398.95,33734.88,15036.85
2023-07-10,4409.53,33944.4,15045.64
2023-07-11,4439.26,34261.42,15119.06
2023-07-12,4472.16,34347.43,15307.23
2023-07-13,4510.04,34395.14,15571.98
2023-07-14,4505.42,34509.03,15565.6
2023-07-17,4522.79,34585.35,15713.28
2023-07-18,4554.98,34951.93,15841.35
2023-07-19,4565.72,35061.21,15826.35
2023-07-20,4534.87,35225.18,15466.09
2023-07-21,4536.34,35227.69,15425.67
2023-07-24,4554.64,35411.24,15448.02
2023-07-25,4567.46,35438.07,15561.42
2023-07-26,4566.75,35520.12,15499.26
2023-07-27,4537.41,35282.72,15464.93
2023-07-28,4582.23,35459.29,15750.93
2023-07-31,4588.96,35559.53,15757.0
2023-08-01,4576.73,35630.68,15718.01
2023-08-02,4513.39,35282.52,15370.74
2023-08-03,4501.89,35215.89,15353.54
2023-08-04,4478.03,35065.62,15274.92
2023-08-07,4518.44,35473.13,15407.85
2023-08-08,4499.38,35314.49,15273.05
2023-08-09,4467.71,35123.36,15101.71
2023-08-10,4468.83,35176.15,15128.84
2023-08-11,4464.05,35281.4,15028.07
2023-08-14,4489.72,35307.63,15205.59
2023-08-15,4437.86,34946.39,15037.65
2023-08-16,4404.33,34765.74,14876.47
2023-08-17,4370.36,34474.83,14715.81
2023-08-18,4369.71,34500.66,14694.84
2023-08-21,4399.77,34463.69,14936.69
2023-08-22,4387.55,34288.83,14908.96
2023-08-23,4436.01,34472.98,15148.06
2023-08-24,4376.31,34099.42,14816.44
2023-08-25,4405.71,34346.9,14941.83
2023-08-28,4433.31,34559.98,15052.46
2023-08-29,4497.63,34852.67,15376.55
2023-08-30,4514.87,34890.24,15462.43
2023-08-31,4507.66,34721.91,15501.07
2023-09-01,4515.77,34837.71,15490.86
2023-09-04,,,
2023-09-05,4496.83,34641.97,15508.24
2023-09-06,4465.48,34443.19,15371.44
2023-09-07,4451.14,34500.73,15258.52
2023-09-08,4457.49,34576.59,15280.23
2023-09-11,4487.46,34663.72,15461.87
2023-09-12,4461.9,34645.99,15289.74
2023-09-13,4467.44,34575.53,15348.53
2023-09-14,4505.1,34907.11,15473.89
2023-09-15,4450.32,34618.24,15202.4
2023-09-18,4453.53,34624.3,15225.37
2023-09-19,4443.95,34517.73,15191.23
2023-09-20,4402.2,34440.88,14969.92
2023-09-21,4330.0,34070.42,14694.24
2023-09-22,4320.06,33963.84,14701.1
2023-09-25,4337.44,34006.88,14768.9
2023-09-26,4273.53,33618.88,14545.83
2023-09-27,4274.51,33550.27,14580.16
2023-09-28,4299.7,33666.34,14702.77
2023-09-29,4288.05,33507.5,14715.24
2023-10-02,4288.39,33433.35,14837.57
2023-10-03,4229.45,33002.38,14565.62
2023-10-04,4263.75,33129.55,14776.25
2023-10-05,4258.19,33119.57,14723.22
2023-10-06,4308.5,33407.58,14973.24
2023-10-09,4335.66,33604.65,15047.15
2023-10-10,4358.24,33739.3,15131.52
2023-10-11,4376.95,33804.87,15241.12
2023-10-12,4349.61,33631.14,15184.1
2023-10-13,4327.78,33670.29,14995.12
2023-10-16,4373.63,33984.54,15172.73
2023-10-17,4373.2,33997.65,15122.01
2023-10-18,4314.6,33665.08,14909.26
2023-10-19,4278.0,33414.17,14783.13
2023-10-20,4224.16,33127.28,14560.88
2023-10-23,4217.04,32936.41,14604.85
2023-10-24,4247.68,33141.38,14745.85
2023-10-25,4186.77,33035.93,14381.64
2023-10-26,4137.23,32784.3,14109.57
2023-10-27,4117.37,32417.59,14180.42
2023-10-30,4166.82,32928.96,14335.51
2023-10-31,4193.8,33052.87,14409.78
2023-11-01,4237.86,33274.58,14664.91
2023-11-02,4317.78,33839.08,14919.55
2023-11-03,4358.34,34061.32,15099.49
2023-11-06,4365.98,34095.86,15154.93
2023-11-07,4378.38,34152.6,15296.02
2023-11-08,4382.78,34112.27,15313.24
2023-11-09,4347.35,33891.94,15187.9
2023-11-10,4415.24,34283.1,15529.12
2023-11-13,4411.55,34337.87,15482.79
2023-11-14,4495.7,34827.7,15812.47
2023-11-15,4502.88,34991.21,15817.18
2023-11-16,4508.24,34945.47,15833.17
2023-11-17,4514.02,34947.28,15837.99
2023-11-20,4547.38,35151.04,16027.06
2023-11-21,4538.19,35088.29,15933.62
2023-11-22,4556.62,35273.03,16001.39
2023-11-23,,,
2023-11-24,4559.34,35390.15,15982.01
2023-11-27,4550.43,35333.47,15961.98
2023-11-28,4554.89,35416.98,16010.43
2023-11-29,4550.58,35430.42,15987.6
2023-11-30,4567.8,35950.89,15947.87
2023-12-01,4594.63,36245.5,15997.58
2023-12-04,4569.78,36204.44,15839.67
2023-12-05,4567.18,36124.56,15877.71
2023-12-06,4549.34,36054.43,15788.05
2023-12-07,4585.59,36117.38,16022.49
2023-12-08,4604.37,36247.87,16084.69
2023-12-11,4622.44,36404.93,16221.73
2023-12-12,4643.7,36577.94,16354.25
2023-12-13,4707.09,37090.24,16562.37
2023-12-14,4719.55,37248.35,16537.83
2023-12-15,4719.19,37305.16,16623.45
2023-12-18,4740.56,37306.02,16729.8
2023-12-19,4768.37,37557.92,16811.85
2023-12-20,4698.35,37082.0,16554.16
2023-12-21,4746.75,37404.35,16757.41
2023-12-22,4754.63,37385.97,16777.4
2023-12-25,,,
2023-12-26,4774.75,37545.33,16878.46
2023-12-27,4781.58,37656.52,16906.8
2023-12-28,4783.35,37710.1,16898.47
2023-12-29,4769.83,37689.54,16825.93
2024-01-01,,,
2024-01-02,4742.83,37715.04,16543.94
2024-01-03,4704.81,37430.19,16368.49
2024-01-04,4688.68,37440.34,16282.01
2024-01-05,4697.24,37466.11,16305.98
2024-01-08,4763.54,37683.01,16649.87
2024-01-09,4756.5,37525.16,16678.7
2024-01-10,4783.45,37695.73,16793.05
2024-01-11,4780.24,37711.02,16820.9
2024-01-12,4783.83,37592.98,16832.92
2024-01-15,,,
2024-01-16,4765.98,37361.12,16830.71
2024-01-17,4739.21,37266.67,16736.28
2024-01-18,4780.94,37468.61,16982.29
2024-01-19,4839.81,37863.8,17314.0
2024-01-22,4850.43,38001.81,17330.38
2024-01-23,4864.6,37905.45,17404.21
2024-01-24,4868.55,37806.39,17499.3
2024-01-25,4894.16,38049.13,17516.99
2024-01-26,4890.97,38109.43,17421.01
2024-01-29,4927.93,38333.45,17596.27
2024-01-30,4924.97,38467.31,17476.71
2024-01-31,4845.65,38150.3,17137.24
2024-02-01,4906.19,38519.84,17344.71
2024-02-02,4958.61,38654.42,17642.73
2024-02-05,4942.81,38380.12,17613.04
2024-02-06,4954.23,38521.36,17572.73
2024-02-07,4995.06,38677.36,17755.07
2024-02-08,4997.91,38726.33,17783.17
2024-02-09,5026.61,38671.69,17962.41
2024-02-12,5021.84,38797.38,17882.66
2024-02-13,4953.17,38272.75,17600.42
2024-02-14,5000.62,38424.27,17807.63
2024-02-15,5029.73,38773.12,17845.72
2024-02-16,5005.57,38627.99,17685.98
2024-02-19,,,
2024-02-20,4975.51,38563.8,17546.1
2024-02-21,4981.8,38612.24,17478.91
2024-02-22,5087.03,39069.11,18004.7
2024-02-23,5088.8,39131.53,17937.61
2024-02-26,5069.53,39069.23,17933.33
2024-02-27,5078.18,38972.41,17971.05
2024-02-28,5069.76,38949.02,17874.5
2024-02-29,5096.27,38996.39,18043.85
2024-03-01,5137.08,39087.38,18302.91
2024-03-04,5130.95,38989.83,18226.48
2024-03-05,5078.65,38585.19,17897.87
2024-03-06,5104.76,38661.05,18017.57
2024-03-07,5157.36,38791.35,18297.99
2024-03-08,5123.69,38722.69,18018.45
2024-03-11,5117.94,38769.66,17951.69
2024-03-12,5175.27,39005.49,18219.11
2024-03-13,5165.31,39043.32,18068.47
2024-03-14,5150.48,38905.66,18014.81
2024-03-15,5117.09,38714.77,17808.25
2024-03-18,5149.42,38790.43,17985.01
2024-03-19,5178.51,39110.76,18032.2
2024-03-20,5224.62,39512.13,18240.11
2024-03-21,5241.53,39781.37,18320.38
2024-03-22,5234.18,39475.9,18339.44
2024-03-25,5218.19,39313.64,18277.06
2024-03-26,5203.58,39282.33,18210.54
2024-03-27,5248.49,39760.08,18280.84
2024-03-28,5254.35,39807.37,18254.69
2024-03-29,,,
2024-04-01,5243.77,39566.85,18293.2
2024-04-02,5205.81,39170.24,18121.78
2024-04-03,5211.49,39127.14,18160.19
2024-04-04,5147.21,38596.98,17878.78
2024-04-05,5204.34,38904.04,18108.46
2024-04-08,5202.39,38892.8,18100.19
2024-04-09,5209.91,38883.67,18169.9
2024-04-10,5160.64,38461.51,18011.65
2024-04-11,5199.06,38459.08,18307.98
2024-04-12,5123.41,37983.24,18003.49
2024-04-15,5061.82,37735.11,17706.83
2024-04-16,5051.41,37798.97,17713.66
2024-04-17,5022.21,37753.31,17493.62
2024-04-18,5011.12,37775.38,17394.31
2024-04-19,4967.23,37986.4,17037.65
2024-04-22,5010.6,38239.98,17210.89
2024-04-23,5070.55,38503.69,17471.47
2024-04-24,5071.63,38460.92,17526.8
2024-04-25,5048.42,38085.8,17430.5
2024-04-26,5099.96,38239.66,17718.3
2024-04-29,5116.17,38386.09,17782.72
2024-04-30,5035.69,37815.92,17440.69
2024-05-01,5018.39,37903.29,17318.55
2024-05-02,5064.2,38225.66,17541.54
2024-05-03,5127.79,38675.68,17890.8
2024-05-06,5180.74,38852.27,18093.57
2024-05-07,5187.7,38884.26,18091.45
2024-05-08,5187.67,39056.39,18085.01
2024-05-09,5214.08,39387.76,18113.46
2024-05-10,5222.68,39512.84,18161.18
2024-05-13,5221.42,39431.51,18198.61
2024-05-14,5246.68,39558.11,18322.77
2024-05-15,5308.15,39908.0,18596.65
2024-05-16,5297.1,39869.38,18557.96
2024-05-17,5303.27,40003.59,18546.23
2024-05-20,5308.13,39806.77,18674.19
2024-05-21,5321.41,39872.99,18713.8
2024-05-22,5307.01,39671.04,18705.2
2024-05-23,5267.84,39065.26,18623.39
2024-05-24,5304.72,39069.59,18808.35
2024-05-27,,,
2024-05-28,5306.04,38852.86,18869.44
2024-05-29,5266.95,38441.54,18736.75
2024-05-30,5235.48,38111.48,18538.66
2024-05-31,5277.51,38686.32,18536.65
2024-06-03,5283.4,38571.03,18600.97
2024-06-04,5291.34,38711.29,18654.84
2024-06-05,5354.03,38807.33,19035.05
2024-06-06,5352.96,38886.17,19021.19
2024-06-07,5346.99,38798.99,19000.95
2024-06-10,5360.79,38868.04,19074.67
2024-06-11,5375.32,38747.42,19210.18
2024-06-12,5421.03,38712.21,19465.18
2024-06-13,5433.74,38647.1,19576.92
2024-06-14,5431.6,38589.16,19659.8
2024-06-17,5473.23,38778.1,19902.75
2024-06-18,5487.03,38834.86,19908.86
2024-06-19,,,
2024-06-20,5473.17,39134.76,19752.3
2024-06-21,5464.62,39150.33,19700.43
2024-06-24,5447.87,39411.21,19474.62
2024-06-25,5469.3,39112.16,19701.13
2024-06-26,5477.9,39127.8,19751.05
2024-06-27,5482.87,39164.06,19789.03
2024-06-28,5460.48,39118.86,19682.87
2024-07-01,5475.09,39169.52,19812.22
2024-07-02,5509.01,39331.85,20011.89
2024-07-03,5537.02,39308.0,20186.63
2024-07-04,,,
2024-07-05,5567.19,39375.87,20391.97
2024-07-08,5572.85,39344.79,20439.54
2024-07-09,5576.98,39291.97,20453.02
2024-07-10,5633.91,39721.36,20675.38
2024-07-11,5584.54,39753.75,20211.36
2024-07-12,5615.35,40000.9,20331.49
2024-07-15,5631.22,40211.72,20386.88
2024-07-16,5667.2,40954.48,20398.62
2024-07-17,5588.27,41198.08,19799.14
2024-07-18,5544.59,40665.02,19705.09
2024-07-19,5505.0,40287.53,19522.62
2024-07-22,5564.41,40415.44,19822.87
2024-07-23,5555.74,40358.09,19754.34
2024-07-24,5427.13,39853.87,19032.39
2024-07-25,5399.22,39935.07,18830.58
2024-07-26,5459.1,40589.34,19023.66
2024-07-29,5463.54,40539.93,19059.49
2024-07-30,5436.44,40743.33,18796.27
2024-07-31,5522.3,40842.79,19362.43
2024-08-01,5446.68,40347.97,18890.39
2024-08-02,5346.56,39737.26,18440.84
2024-08-05,5186.33,38703.27,17895.15
2024-08-06,5240.03,38997.66,18077.92
2024-08-07,5199.5,38763.45,17867.37
2024-08-08,5319.31,39446.49,18413.82
2024-08-09,5344.16,39497.54,18513.1
2024-08-12,5344.39,39357.01,18542.03
2024-08-13,5434.43,39765.64,19006.43
2024-08-14,5455.21,40008.39,19022.68
2024-08-15,5543.22,40563.06,19490.15
2024-08-16,5554.25,40659.76,19508.52
2024-08-19,5608.25,40896.53,19766.49
2024-08-20,5597.12,40834.97,19719.82
2024-08-21,5620.85,40890.49,19824.84
2024-08-22,5570.64,40712.78,19491.84
2024-08-23,5634.61,41175.08,19720.87
2024-08-26,5616.84,41240.52,19516.44
2024-08-27,5625.8,41250.5,19581.52
2024-08-28,5592.18,41091.42,19350.78
2024-08-29,5591.96,41335.05,19325.45
2024-08-30,5648.4,41563.08,19574.64
2024-09-02,,,
2024-09-03,5528.93,40936.93,
