DATE,DEXJPUS,DEXUSUK
2014-09-08,105.65,1.6141
2014-09-09,106.32,1.6088
2014-09-10,106.76,1.6134
2014-09-11,106.87,1.6225
2014-09-12,107.24,1.6243
2014-09-15,107.18,1.6243
2014-09-16,106.91,1.629
2014-09-17,107.58,1.6329
2014-09-18,108.69,1.6372
2014-09-19,108.96,1.6314
2014-09-22,108.88,1.634
2014-09-23,108.82,1.637
2014-09-24,108.92,1.6344
2014-09-25,108.7,1.6313
2014-09-26,109.32,1.6254
2014-09-29,109.34,1.6262
2014-09-30,109.66,1.622
2014-10-01,109.3,1.6216
2014-10-02,108.1,1.614
2014-10-03,109.7,1.5962
2014-10-06,109.08,1.6029
2014-10-07,108.3,1.6072
2014-10-08,108.41,1.6068
2014-10-09,108.0,1.6123
2014-10-10,107.83,1.6049
2014-10-13,,
2014-10-14,107.15,1.593
2014-10-15,106.06,1.5959
2014-10-16,105.98,1.6065
2014-10-17,106.72,1.6086
2014-10-20,106.87,1.6137
2014-10-21,106.7,1.6134
2014-10-22,107.32,1.607
2014-10-23,108.16,1.6037
2014-10-24,108.06,1.6098
2014-10-27,107.71,1.6133
2014-10-28,108.0,1.6157
2014-10-29,108.1,1.6149
2014-10-30,108.94,1.6023
2014-10-31,112.09,1.5999
2014-11-03,113.92,1.5986
2014-11-04,113.44,1.5991
2014-11-05,114.62,1.5984
2014-11-06,114.87,1.5862
2014-11-07,114.73,1.5844
2014-11-10,114.78,1.5857
2014-11-11,,
2014-11-12,115.42,1.5815
2014-11-13,115.63,1.5717
2014-11-14,116.52,1.5657
2014-11-17,116.44,1.5645
2014-11-18,116.76,1.5648
2014-11-19,117.7,1.567
2014-11-20,118.14,1.5683
2014-11-21,117.74,1.5672
2014-11-24,118.39,1.5701
2014-11-25,117.99,1.5714
2014-11-26,117.6,1.5787
2014-11-27,,
2014-11-28,118.7,1.5638
2014-12-01,118.14,1.5743
2014-12-02,119.1,1.5651
2014-12-03,119.82,1.57
2014-12-04,119.67,1.5707
2014-12-05,121.38,1.56
2014-12-08,120.89,1.5625
2014-12-09,118.87,1.5694
2014-12-10,118.5,1.5689
2014-12-11,119.4,1.5712
2014-12-12,118.22,1.5728
2014-12-15,117.75,1.5663
2014-12-16,117.28,1.5736
2014-12-17,117.64,1.5652
2014-12-18,118.84,1.5662
2014-12-19,119.56,1.5609
2014-12-22,119.84,1.5618
2014-12-23,120.68,1.5517
2014-12-24,120.45,1.5549
2014-12-25,,
2014-12-26,,
2014-12-29,120.57,1.5524
2014-12-30,119.34,1.5573
2014-12-31,119.85,1.5578
2015-01-01,,
2015-01-02,120.2,1.5361
2015-01-05,119.64,1.5234
2015-01-06,118.26,1.5174
2015-01-07,119.52,1.5073
2015-01-08,119.51,1.5118
2015-01-09,118.66,1.5151
2015-01-12,118.32,1.5168
2015-01-13,118.16,1.5166
2015-01-14,116.78,1.5234
2015-01-15,116.95,1.5161
2015-01-16,117.45,1.5132
2015-01-19,,
2015-01-20,118.48,1.5162
2015-01-21,117.86,1.5118
2015-01-22,117.92,1.5052
2015-01-23,117.8,1.5022
2015-01-26,118.38,1.5088
2015-01-27,117.62,1.5196
2015-01-28,117.74,1.5165
2015-01-29,118.31,1.5043
2015-01-30,117.44,1.5026
2015-02-02,117.33,1.5027
2015-02-03,117.48,1.5129
2015-02-04,117.58,1.5209
2015-02-05,117.4,1.5293
2015-02-06,119.16,1.5247
2015-02-09,118.7,1.5217
2015-02-10,119.32,1.5252
2015-02-11,120.38,1.5232
2015-02-12,118.72,1.538
2015-02-13,118.7,1.5394
2015-02-16,,
2015-02-17,118.99,1.5349
2015-02-18,119.19,1.543
2015-02-19,118.84,1.5451
2015-02-20,118.68,1.5385
2015-02-23,118.88,1.5465
2015-02-24,119.13,1.5434
2015-02-25,118.88,1.5499
2015-02-26,119.36,1.5424
2015-02-27,119.72,1.5439
2015-03-02,120.06,1.5371
2015-03-03,119.47,1.5391
2015-03-04,119.76,1.5266
2015-03-05,120.22,1.5229
2015-03-06,120.93,1.5063
2015-03-09,121.17,1.5097
2015-03-10,121.2,1.5086
2015-03-11,121.5,1.4945
2015-03-12,121.28,1.4907
2015-03-13,121.17,1.4755
2015-03-16,121.3,1.48
2015-03-17,121.28,1.4744
2015-03-18,120.92,1.4686
2015-03-19,120.9,1.4729
2015-03-20,120.28,1.4923
2015-03-23,119.74,1.4936
2015-03-24,119.9,1.487
2015-03-25,119.37,1.4915
2015-03-26,119.01,1.4844
2015-03-27,119.15,1.4878
2015-03-30,120.11,1.4792
2015-03-31,119.96,1.485
2015-04-01,119.62,1.4823
2015-04-02,119.74,1.4842
2015-04-03,118.96,1.4916
2015-04-06,119.05,1.4959
2015-04-07,120.36,1.4857
2015-04-08,119.96,1.4924
2015-04-09,120.32,1.4739
2015-04-10,120.29,1.4648
2015-04-13,120.32,1.4658
2015-04-14,119.26,1.479
2015-04-15,119.23,1.4782
2015-04-16,119.18,1.4923
2015-04-17,119.02,1.4942
2015-04-20,119.27,1.4913
2015-04-21,119.45,1.4944
2015-04-22,119.9,1.5027
2015-04-23,119.69,1.5047
2015-04-24,118.98,1.5176
2015-04-27,119.12,1.5235
2015-04-28,118.8,1.5328
2015-04-29,118.83,1.5485
2015-04-30,119.86,1.5328
2015-05-01,120.21,1.5137
2015-05-04,120.25,1.5118
2015-05-05,119.87,1.5178
2015-05-06,119.42,1.5244
2015-05-07,119.74,1.5223
2015-05-08,119.78,1.5455
2015-05-11,120.05,1.5593
2015-05-12,119.8,1.5685
2015-05-13,119.09,1.5748
2015-05-14,119.2,1.5766
2015-05-15,119.36,1.5772
2015-05-18,119.82,1.5679
2015-05-19,120.58,1.5523
2015-05-20,121.28,1.5544
2015-05-21,121.06,1.5672
2015-05-22,121.45,1.5484
2015-05-25,,
2015-05-26,123.08,1.5398
2015-05-27,123.76,1.5324
2015-05-28,124.18,1.5291
2015-05-29,123.98,1.5286
2015-06-01,124.64,1.5187
2015-06-02,124.19,1.5331
2015-06-03,124.06,1.5351
2015-06-04,124.56,1.5367
2015-06-05,125.58,1.5267
2015-06-08,125.08,1.528
2015-06-09,124.16,1.5383
2015-06-10,122.72,1.553
2015-06-11,123.62,1.5493
2015-06-12,123.23,1.5587
2015-06-15,123.38,1.5572
2015-06-16,123.39,1.5637
2015-06-17,124.25,1.5708
2015-06-18,122.87,1.5882
2015-06-19,122.7,1.5881
2015-06-22,123.28,1.5823
2015-06-23,123.71,1.5751
2015-06-24,124.24,1.5681
2015-06-25,123.63,1.5728
2015-06-26,123.92,1.5739
2015-06-29,122.5,1.5764
2015-06-30,122.1,1.5727
2015-07-01,123.02,1.5617
2015-07-02,123.14,1.5614
2015-07-03,,
2015-07-06,122.53,1.5619
2015-07-07,122.16,1.5443
2015-07-08,120.54,1.5353
2015-07-09,121.22,1.5375
2015-07-10,122.75,1.5503
2015-07-13,123.35,1.5518
2015-07-14,123.39,1.5584
2015-07-15,123.89,1.5621
2015-07-16,124.04,1.5601
2015-07-17,124.0,1.5624
2015-07-20,124.24,1.5587
2015-07-21,123.93,1.555
2015-07-22,124.08,1.5617
2015-07-23,123.88,1.5533
2015-07-24,123.74,1.5514
2015-07-27,123.24,1.5595
2015-07-28,123.52,1.5617
2015-07-29,123.86,1.5624
2015-07-30,124.38,1.5581
2015-07-31,123.94,1.5634
2015-08-03,123.98,1.5603
2015-08-04,124.0,1.5612
2015-08-05,124.84,1.5604
2015-08-06,124.6,1.5521
2015-08-07,124.27,1.5467
2015-08-10,124.55,1.5546
2015-08-11,124.9,1.5572
2015-08-12,123.87,1.5639
2015-08-13,124.32,1.5595
2015-08-14,124.27,1.5625
2015-08-17,124.33,1.5598
2015-08-18,124.39,1.5658
2015-08-19,124.1,1.5645
2015-08-20,123.54,1.5688
2015-08-21,122.11,1.5698
2015-08-24,118.56,1.5731
2015-08-25,119.91,1.5698
2015-08-26,119.07,1.5493
2015-08-27,120.89,1.5411
2015-08-28,121.32,1.5362
2015-08-31,121.26,1.5363
2015-09-01,119.94,1.5341
2015-09-02,120.0,1.531
2015-09-03,120.2,1.5254
2015-09-04,119.05,1.5195
2015-09-07,,
2015-09-08,119.72,1.5381
2015-09-09,120.94,1.5363
2015-09-10,120.71,1.5457
2015-09-11,120.66,1.5426
2015-09-14,119.92,1.5423
2015-09-15,120.3,1.5352
2015-09-16,120.62,1.5499
2015-09-17,120.9,1.5509
2015-09-18,119.85,1.5573
2015-09-21,120.46,1.5506
2015-09-22,120.04,1.5356
2015-09-23,120.12,1.5243
2015-09-24,119.54,1.5254
2015-09-25,120.74,1.5172
2015-09-28,119.82,1.5208
2015-09-29,119.76,1.5168
2015-09-30,119.81,1.5116
2015-10-01,119.58,1.5162
2015-10-02,119.42,1.5216
2015-10-05,120.36,1.5165
2015-10-06,120.18,1.5227
2015-10-07,119.9,1.5315
2015-10-08,119.94,1.5316
2015-10-09,120.3,1.5315
2015-10-12,,
2015-10-13,119.8,1.5242
2015-10-14,119.21,1.5445
2015-10-15,118.26,1.5475
2015-10-16,119.6,1.5441
2015-10-19,119.5,1.5471
2015-10-20,119.79,1.547
2015-10-21,119.91,1.5463
2015-10-22,120.5,1.5399
2015-10-23,121.2,1.534
2015-10-26,120.87,1.5361
2015-10-27,120.29,1.5312
2015-10-28,120.56,1.5319
2015-10-29,121.14,1.5296
2015-10-30,120.7,1.5445
2015-11-02,120.7,1.5428
2015-11-03,121.2,1.5404
2015-11-04,121.52,1.5377
2015-11-05,121.71,1.5236
2015-11-06,123.2,1.5071
2015-11-09,123.04,1.5124
2015-11-10,123.22,1.511
2015-11-11,,
2015-11-12,122.84,1.5206
2015-11-13,122.93,1.5208
2015-11-16,123.11,1.5204
2015-11-17,123.48,1.5214
2015-11-18,123.51,1.521
2015-11-19,122.71,1.5327
2015-11-20,122.8,1.5199
2015-11-23,123.02,1.5125
2015-11-24,122.47,1.5057
2015-11-25,122.7,1.5109
2015-11-26,,
2015-11-27,122.84,1.504
2015-11-30,123.22,1.5044
2015-12-01,122.88,1.5074
2015-12-02,123.52,1.4927
2015-12-03,123.06,1.5088
2015-12-04,123.1,1.51
2015-12-07,123.31,1.5076
2015-12-08,123.0,1.5
2015-12-09,121.86,1.5168
2015-12-10,121.44,1.5176
2015-12-11,120.94,1.5213
2015-12-14,120.57,1.513
2015-12-15,121.66,1.5044
2015-12-16,121.88,1.5013
2015-12-17,122.75,1.4876
2015-12-18,121.2,1.4914
2015-12-21,120.99,1.4906
2015-12-22,120.94,1.4811
2015-12-23,120.94,1.4863
2015-12-24,120.32,1.4943
2015-12-25,,
2015-12-28,120.3,1.4883
2015-12-29,120.44,1.4794
2015-12-30,120.6,1.4832
2015-12-31,120.27,1.4746
2016-01-01,,
2016-01-04,119.3,1.4686
2016-01-05,118.95,1.4664
2016-01-06,118.54,1.4626
2016-01-07,118.0,1.4579
2016-01-08,117.74,1.4523
2016-01-11,117.48,1.4564
2016-01-12,117.78,1.4403
2016-01-13,118.06,1.447
2016-01-14,118.03,1.4409
2016-01-15,116.78,1.4289
2016-01-18,,
2016-01-19,117.66,1.4171
2016-01-20,116.38,1.4167
2016-01-21,117.61,1.4198
2016-01-22,118.37,1.4308
2016-01-25,118.55,1.4245
2016-01-26,118.5,1.4342
2016-01-27,118.9,1.4261
2016-01-28,118.61,1.4351
2016-01-29,121.05,1.4184
2016-02-01,121.06,1.4367
2016-02-02,120.27,1.4399
2016-02-03,117.92,1.4576
2016-02-04,116.75,1.458
2016-02-05,116.99,1.4468
2016-02-08,115.7,1.4415
2016-02-09,114.8,1.4473
2016-02-10,114.03,1.4473
2016-02-11,111.72,1.4448
2016-02-12,112.96,1.446
2016-02-15,,
2016-02-16,113.9,1.429
2016-02-17,114.14,1.4317
2016-02-18,113.62,1.4333
2016-02-19,112.42,1.4343
2016-02-22,113.12,1.4157
2016-02-23,112.17,1.404
2016-02-24,111.36,1.3932
2016-02-25,112.7,1.3937
2016-02-26,113.78,1.3867
2016-02-29,112.9,1.3926
2016-03-01,113.94,1.3948
2016-03-02,113.81,1.4059
2016-03-03,113.53,1.4152
2016-03-04,113.91,1.4226
2016-03-07,113.6,1.4256
2016-03-08,112.58,1.4225
2016-03-09,113.06,1.4236
2016-03-10,113.1,1.4306
2016-03-11,113.66,1.4426
2016-03-14,113.59,1.4324
2016-03-15,112.88,1.4166
2016-03-16,113.69,1.41
2016-03-17,111.3,1.449
2016-03-18,111.38,1.4514
2016-03-21,111.62,1.4402
2016-03-22,111.82,1.4217
2016-03-23,112.63,1.4111
2016-03-24,112.64,1.4143
2016-03-25,113.05,1.4131
2016-03-28,113.29,1.425
2016-03-29,113.33,1.4281
2016-03-30,112.6,1.439
2016-03-31,112.42,1.4381
2016-04-01,112.06,1.4204
2016-04-04,111.18,1.4279
2016-04-05,110.26,1.4149
2016-04-06,109.63,1.4162
2016-04-07,107.98,1.4082
2016-04-08,108.36,1.4105
2016-04-11,107.96,1.424
2016-04-12,108.54,1.4244
2016-04-13,109.21,1.4223
2016-04-14,109.2,1.4148
2016-04-15,108.76,1.4217
2016-04-18,108.85,1.4276
2016-04-19,109.16,1.4396
2016-04-20,109.51,1.4375
2016-04-21,109.41,1.4338
2016-04-22,111.5,1.439
2016-04-25,111.08,1.4492
2016-04-26,111.23,1.4611
2016-04-27,111.26,1.4554
2016-04-28,108.55,1.4581
2016-04-29,106.9,1.4625
2016-05-02,106.48,1.4666
2016-05-03,106.34,1.4543
2016-05-04,107.12,1.4475
2016-05-05,107.32,1.4486
2016-05-06,106.66,1.4439
2016-05-09,108.39,1.4409
2016-05-10,109.22,1.4454
2016-05-11,108.48,1.448
2016-05-12,108.73,1.4452
2016-05-13,109.14,1.4369
2016-05-16,108.89,1.4411
2016-05-17,109.02,1.4485
2016-05-18,109.65,1.4615
2016-05-19,109.81,1.4608
2016-05-20,110.52,1.4513
2016-05-23,109.47,1.4444
2016-05-24,110.0,1.4623
2016-05-25,110.22,1.4694
2016-05-26,109.74,1.4673
2016-05-27,109.86,1.4644
2016-05-30,,
2016-05-31,110.75,1.453
2016-06-01,109.55,1.4395
2016-06-02,108.75,1.4419
2016-06-03,106.88,1.4521
2016-06-06,107.33,1.445
2016-06-07,107.3,1.4564
2016-06-08,106.68,1.4546
2016-06-09,106.54,1.4467
2016-06-10,107.06,1.4342
2016-06-13,106.07,1.4223
2016-06-14,106.02,1.413
2016-06-15,105.87,1.4185
2016-06-16,104.05,1.4075
2016-06-17,104.2,1.4285
2016-06-20,104.32,1.4688
2016-06-21,104.56,1.4668
2016-06-22,104.56,1.4682
2016-06-23,105.9,1.48
2016-06-24,102.26,1.3639
2016-06-27,101.66,1.3217
2016-06-28,102.71,1.3294
2016-06-29,102.68,1.351
2016-06-30,102.77,1.3242
2016-07-01,102.55,1.3281
2016-07-04,,
2016-07-05,101.58,1.3021
2016-07-06,101.12,1.2921
2016-07-07,100.74,1.2926
2016-07-08,100.65,1.2938
2016-07-11,102.66,1.2986
2016-07-12,104.72,1.3237
2016-07-13,104.1,1.318
2016-07-14,105.4,1.3332
2016-07-15,105.64,1.3194
2016-07-18,106.0,1.3279
2016-07-19,106.13,1.3123
2016-07-20,106.65,1.3179
2016-07-21,105.98,1.3216
2016-07-22,106.22,1.3091
2016-07-25,106.02,1.313
2016-07-26,104.83,1.3133
2016-07-27,105.65,1.3094
2016-07-28,104.86,1.3151
2016-07-29,102.32,1.327
2016-08-01,102.26,1.3209
2016-08-02,100.82,1.3326
2016-08-03,101.34,1.3335
2016-08-04,101.08,1.3143
2016-08-05,101.74,1.3069
2016-08-08,102.53,1.3042
2016-08-09,101.96,1.301
2016-08-10,101.27,1.2998
2016-08-11,101.46,1.296
2016-08-12,101.01,1.2934
2016-08-15,101.02,1.2874
2016-08-16,100.28,1.3019
2016-08-17,100.24,1.3012
2016-08-18,100.07,1.3147
2016-08-19,100.24,1.3061
2016-08-22,100.25,1.3133
2016-08-23,100.2,1.3179
2016-08-24,100.5,1.3236
2016-08-25,100.58,1.3177
2016-08-26,101.2,1.3168
2016-08-29,102.13,1.3089
2016-08-30,102.92,1.3084
2016-08-31,103.38,1.3129
2016-09-01,103.22,1.3273
2016-09-02,104.18,1.3299
2016-09-05,,
2016-09-06,102.28,1.3429
2016-09-07,101.72,1.3339
2016-09-08,102.28,1.3301
2016-09-09,102.86,1.3257
2016-09-12,101.96,1.3313
2016-09-13,102.14,1.3184
2016-09-14,102.33,1.3204
2016-09-15,102.24,1.3215
2016-09-16,102.36,1.309
2016-09-19,101.82,1.3051
2016-09-20,101.66,1.2974
2016-09-21,100.62,1.2978
2016-09-22,100.8,1.3092
2016-09-23,101.04,1.2959
2016-09-26,100.34,1.2978
2016-09-27,100.36,1.3005
2016-09-28,100.57,1.2996
2016-09-29,101.48,1.2991
2016-09-30,101.21,1.3015
2016-10-03,101.54,1.284
2016-10-04,102.66,1.2746
2016-10-05,103.53,1.2745
2016-10-06,104.02,1.2647
2016-10-07,103.42,1.2434
2016-10-10,,
2016-10-11,103.36,1.2218
2016-10-12,104.48,1.2195
2016-10-13,103.62,1.2201
2016-10-14,104.1,1.2189
2016-10-17,103.96,1.2186
2016-10-18,103.8,1.231
2016-10-19,103.3,1.2279
2016-10-20,103.92,1.2256
2016-10-21,103.96,1.221
2016-10-24,104.2,1.2204
2016-10-25,104.25,1.2164
2016-10-26,104.42,1.2234
2016-10-27,105.14,1.2173
2016-10-28,105.4,1.2155
2016-10-31,105.07,1.2212
2016-11-01,104.59,1.2218
2016-11-02,103.22,1.2315
2016-11-03,103.17,1.2454
2016-11-04,103.02,1.2546
2016-11-07,104.6,1.2403
2016-11-08,104.98,1.2372
2016-11-09,104.84,1.2474
2016-11-10,106.56,1.2523
2016-11-11,,
2016-11-14,108.3,1.2469
2016-11-15,108.94,1.2422
2016-11-16,109.16,1.245
2016-11-17,109.64,1.245
2016-11-18,110.51,1.2327
2016-11-21,111.12,1.2474
2016-11-22,110.98,1.2424
2016-11-23,112.58,1.2458
2016-11-24,,
2016-11-25,113.17,1.2462
2016-11-28,112.36,1.2411
2016-11-29,112.78,1.2505
2016-11-30,114.34,1.2481
2016-12-01,114.34,1.2596
2016-12-02,113.76,1.2685
2016-12-05,114.1,1.2708
2016-12-06,113.98,1.2706
2016-12-07,113.5,1.2604
2016-12-08,114.16,1.2574
2016-12-09,115.17,1.259
2016-12-12,115.34,1.2677
2016-12-13,115.26,1.2685
2016-12-14,115.06,1.2706
2016-12-15,118.32,1.2389
2016-12-16,117.74,1.2478
2016-12-19,116.6,1.2419
2016-12-20,117.86,1.2358
2016-12-21,117.79,1.2348
2016-12-22,117.48,1.2301
2016-12-23,117.22,1.2252
2016-12-26,,
2016-12-27,117.52,1.2261
2016-12-28,117.66,1.2222
2016-12-29,116.32,1.2237
2016-12-30,116.78,1.2337
2017-01-02,,
2017-01-03,117.68,1.2256
2017-01-04,117.38,1.2299
2017-01-05,115.46,1.2415
2017-01-06,116.85,1.2314
2017-01-09,116.07,1.2167
2017-01-10,115.74,1.2165
2017-01-11,116.26,1.2118
2017-01-12,113.87,1.2211
2017-01-13,115.03,1.2198
2017-01-16,,
2017-01-17,112.96,1.2388
2017-01-18,113.4,1.2309
2017-01-19,115.3,1.2319
2017-01-20,,
2017-01-23,112.9,1.2485
2017-01-24,113.63,1.2531
2017-01-25,113.6,1.262
2017-01-26,114.7,1.2579
2017-01-27,115.16,1.2531
2017-01-30,113.86,1.2478
2017-01-31,112.72,1.2585
2017-02-01,113.29,1.2643
2017-02-02,112.48,1.2541
2017-02-03,112.42,1.2504
2017-02-06,112.32,1.245
2017-02-07,112.14,1.2486
2017-02-08,111.74,1.2543
2017-02-09,113.24,1.2516
2017-02-10,113.22,1.2502
2017-02-13,113.79,1.251
2017-02-14,114.34,1.2465
2017-02-15,114.17,1.2465
2017-02-16,113.36,1.2477
2017-02-17,112.86,1.2428
2017-02-20,,
2017-02-21,113.48,1.2465
2017-02-22,113.46,1.2456
2017-02-23,112.68,1.2548
2017-02-24,112.26,1.2499
2017-02-27,112.01,1.2473
2017-02-28,112.06,1.2427
2017-03-01,113.66,1.2318
2017-03-02,114.45,1.2267
2017-03-03,114.6,1.2249
2017-03-06,113.92,1.2243
2017-03-07,113.99,1.2209
2017-03-08,114.58,1.2152
2017-03-09,114.71,1.2166
2017-03-10,115.02,1.2158
2017-03-13,114.61,1.2234
2017-03-14,114.63,1.2168
2017-03-15,114.66,1.2222
2017-03-16,113.02,1.237
2017-03-17,112.67,1.2372
2017-03-20,112.59,1.2365
2017-03-21,111.9,1.2479
2017-03-22,111.06,1.2476
2017-03-23,111.12,1.2526
2017-03-24,111.03,1.2491
2017-03-27,110.48,1.2583
2017-03-28,110.56,1.2503
2017-03-29,111.05,1.2411
2017-03-30,111.36,1.2489
2017-03-31,111.41,1.2537
2017-04-03,110.96,1.2479
2017-04-04,110.74,1.2437
2017-04-05,111.2,1.2488
2017-04-06,111.02,1.2486
2017-04-07,110.76,1.2398
2017-04-10,110.95,1.2418
2017-04-11,109.74,1.2484
2017-04-12,109.54,1.25
2017-04-13,109.23,1.2522
2017-04-14,108.63,1.2531
2017-04-17,108.46,1.2587
2017-04-18,108.4,1.2769
2017-04-19,109.06,1.2789
2017-04-20,109.34,1.283
2017-04-21,109.08,1.2783
2017-04-24,109.74,1.2783
2017-04-25,110.88,1.2836
2017-04-26,111.52,1.2838
2017-04-27,111.13,1.2889
2017-04-28,111.44,1.2938
2017-05-01,111.78,1.2917
2017-05-02,112.06,1.2921
2017-05-03,112.34,1.2916
2017-05-04,112.7,1.291
2017-05-05,112.63,1.295
2017-05-08,112.84,1.2942
2017-05-09,114.19,1.2939
2017-05-10,114.02,1.2939
2017-05-11,113.77,1.2885
2017-05-12,113.3,1.288
2017-05-15,113.54,1.2917
2017-05-16,113.24,1.2912
2017-05-17,111.46,1.2944
2017-05-18,110.82,1.3009
2017-05-19,111.47,1.3018
2017-05-22,111.15,1.3006
2017-05-23,111.64,1.2984
2017-05-24,112.02,1.2935
2017-05-25,111.7,1.2954
2017-05-26,111.3,1.2795
2017-05-29,,
2017-05-30,110.68,1.2858
2017-05-31,110.71,1.2905
2017-06-01,111.24,1.2894
2017-06-02,110.49,1.2885
2017-06-05,110.49,1.2917
2017-06-06,109.34,1.2901
2017-06-07,109.54,1.2941
2017-06-08,110.1,1.2939
2017-06-09,110.61,1.2737
2017-06-12,109.72,1.2658
2017-06-13,110.12,1.2739
2017-06-14,109.16,1.2808
2017-06-15,110.66,1.2768
2017-06-16,110.84,1.2778
2017-06-19,111.34,1.2743
2017-06-20,111.46,1.2628
2017-06-21,111.58,1.2667
2017-06-22,111.36,1.2659
2017-06-23,111.26,1.2727
2017-06-26,111.48,1.2732
2017-06-27,112.42,1.2791
2017-06-28,112.18,1.2936
2017-06-29,112.32,1.2984
2017-06-30,112.4,1.2995
2017-07-03,113.32,1.2951
2017-07-04,,
2017-07-05,113.2,1.2934
2017-07-06,113.28,1.2967
2017-07-07,114.1,1.288
2017-07-10,114.08,1.2884
2017-07-11,114.2,1.2851
2017-07-12,113.19,1.2889
2017-07-13,113.39,1.2921
2017-07-14,112.66,1.3079
2017-07-17,112.76,1.3058
2017-07-18,111.89,1.3026
2017-07-19,111.77,1.3036
2017-07-20,111.68,1.2976
2017-07-21,111.18,1.2968
2017-07-24,111.1,1.3028
2017-07-25,111.57,1.3046
2017-07-26,112.1,1.3048
2017-07-27,111.62,1.3065
2017-07-28,110.87,1.3124
2017-07-31,110.38,1.3196
2017-08-01,110.33,1.3206
2017-08-02,110.43,1.3236
2017-08-03,110.12,1.3144
2017-08-04,110.76,1.3036
2017-08-07,110.76,1.3021
2017-08-08,110.74,1.2968
2017-08-09,110.04,1.2997
2017-08-10,109.37,1.2978
2017-08-11,109.06,1.2988
2017-08-14,109.48,1.2975
2017-08-15,110.42,1.2862
2017-08-16,110.8,1.286
2017-08-17,109.88,1.2888
2017-08-18,109.32,1.2847
2017-08-21,108.89,1.2903
2017-08-22,109.4,1.2834
2017-08-23,109.14,1.2787
2017-08-24,109.34,1.2802
2017-08-25,109.24,1.2873
2017-08-28,109.22,1.2927
2017-08-29,109.02,1.2937
2017-08-30,110.2,1.2934
2017-08-31,110.06,1.2888
2017-09-01,110.09,1.2972
2017-09-04,,
2017-09-05,108.94,1.3013
2017-09-06,108.75,1.3073
2017-09-07,108.26,1.3094
2017-09-08,107.72,1.3211
2017-09-11,109.03,1.3173
2017-09-12,110.01,1.328
2017-09-13,110.58,1.3218
2017-09-14,110.66,1.3398
2017-09-15,110.84,1.3578
2017-09-18,111.48,1.3485
2017-09-19,111.49,1.3517
2017-09-20,111.5,1.3564
2017-09-21,112.3,1.3576
2017-09-22,112.01,1.3531
2017-09-25,111.64,1.3457
2017-09-26,112.16,1.3422
2017-09-27,112.76,1.3401
2017-09-28,112.66,1.3435
2017-09-29,112.64,1.3402
2017-10-02,112.6,1.3268
2017-10-03,112.8,1.3251
2017-10-04,112.84,1.3268
2017-10-05,112.74,1.3132
2017-10-06,112.68,1.3063
2017-10-09,,
2017-10-10,112.15,1.3215
2017-10-11,112.35,1.321
2017-10-12,112.38,1.3174
2017-10-13,111.94,1.3304
2017-10-16,111.72,1.3285
2017-10-17,112.32,1.3182
2017-10-18,112.94,1.3183
2017-10-19,112.54,1.3181
2017-10-20,113.5,1.3179
2017-10-23,113.66,1.3201
2017-10-24,113.92,1.3124
2017-10-25,113.7,1.3252
2017-10-26,113.72,1.3181
2017-10-27,113.82,1.3108
2017-10-30,113.26,1.3195
2017-10-31,113.63,1.3281
2017-11-01,114.04,1.3257
2017-11-02,113.84,1.3068
2017-11-03,114.25,1.3067
2017-11-06,113.9,1.3145
2017-11-07,113.9,1.3152
2017-11-08,113.62,1.3108
2017-11-09,113.4,1.3133
2017-11-10,,
2017-11-13,113.62,1.3101
2017-11-14,113.5,1.3128
2017-11-15,113.15,1.3165
2017-11-16,112.89,1.3197
2017-11-17,111.98,1.3222
2017-11-20,112.49,1.3241
2017-11-21,112.46,1.3232
2017-11-22,111.62,1.3291
2017-11-23,,
2017-11-24,111.54,1.3336
2017-11-27,111.0,1.3333
2017-11-28,111.13,1.3231
2017-11-29,111.75,1.3436
2017-11-30,112.3,1.3506
2017-12-01,111.88,1.3505
2017-12-04,112.8,1.3465
2017-12-05,112.76,1.345
2017-12-06,112.32,1.3382
2017-12-07,112.7,1.3432
2017-12-08,113.55,1.3367
2017-12-11,113.34,1.3363
2017-12-12,113.62,1.3323
2017-12-13,113.19,1.3365
2017-12-14,112.56,1.344
2017-12-15,112.68,1.3316
2017-12-18,112.4,1.3398
2017-12-19,112.98,1.3356
2017-12-20,113.29,1.3408
2017-12-21,113.42,1.3372
2017-12-22,113.3,1.3379
2017-12-25,,
2017-12-26,113.2,1.3369
2017-12-27,113.28,1.3403
2017-12-28,112.85,1.345
2017-12-29,112.69,1.3529
2018-01-01,,
2018-01-02,112.18,1.3596
2018-01-03,112.28,1.3522
2018-01-04,112.78,1.3539
2018-01-05,113.18,1.3562
2018-01-08,113.08,1.3566
2018-01-09,112.57,1.3518
2018-01-10,111.48,1.3513
2018-01-11,111.35,1.3543
2018-01-12,111.23,1.3689
2018-01-15,,
2018-01-16,110.74,1.3774
2018-01-17,110.81,1.3824
2018-01-18,110.88,1.3889
2018-01-19,110.56,1.3857
2018-01-22,111.15,1.3944
2018-01-23,110.46,1.3968
2018-01-24,109.15,1.4198
2018-01-25,108.7,1.4264
2018-01-26,108.38,1.4179
2018-01-29,109.12,1.4042
2018-01-30,108.9,1.4124
2018-01-31,109.31,1.419
2018-02-01,109.5,1.4247
2018-02-02,110.4,1.4126
2018-02-05,110.09,1.4022
2018-02-06,109.18,1.3951
2018-02-07,109.53,1.3881
2018-02-08,109.0,1.3915
2018-02-09,108.44,1.3794
2018-02-12,108.72,1.382
2018-02-13,107.59,1.3892
2018-02-14,107.0,1.3955
2018-02-15,106.36,1.4061
2018-02-16,106.1,1.4055
2018-02-19,,
2018-02-20,107.23,1.4021
2018-02-21,107.64,1.3946
2018-02-22,106.96,1.3939
2018-02-23,106.64,1.3979
2018-02-26,106.96,1.3952
2018-02-27,107.47,1.3906
2018-02-28,106.62,1.3794
2018-03-01,106.91,1.3755
2018-03-02,105.65,1.3769
2018-03-05,105.97,1.3856
2018-03-06,106.03,1.3886
2018-03-07,105.94,1.3888
2018-03-08,106.08,1.3824
2018-03-09,106.74,1.3863
2018-03-12,106.52,1.3898
2018-03-13,106.64,1.3987
2018-03-14,106.17,1.3946
2018-03-15,106.07,1.3951
2018-03-16,106.1,1.3919
2018-03-19,105.83,1.4032
2018-03-20,106.42,1.4013
2018-03-21,106.3,1.4064
2018-03-22,105.34,1.4098
2018-03-23,104.83,1.4151
2018-03-26,105.0,1.4236
2018-03-27,105.72,1.4161
2018-03-28,106.3,1.411
2018-03-29,106.27,1.4029
2018-03-30,106.2,1.4027
2018-04-02,105.99,1.4032
2018-04-03,106.45,1.4068
2018-04-04,106.56,1.4076
2018-04-05,107.48,1.3991
2018-04-06,107.03,1.4088
2018-04-09,107.06,1.4136
2018-04-10,107.3,1.4161
2018-04-11,106.78,1.4194
2018-04-12,107.3,1.4244
2018-04-13,107.52,1.4255
2018-04-16,107.26,1.4332
2018-04-17,107.09,1.4301
2018-04-18,107.26,1.4227
2018-04-19,107.42,1.4193
2018-04-20,107.6,1.4033
2018-04-23,108.62,1.3953
2018-04-24,109.03,1.3975
2018-04-25,109.33,1.3941
2018-04-26,109.3,1.3927
2018-04-27,109.12,1.3785
2018-04-30,109.28,1.3751
2018-05-01,109.69,1.3611
2018-05-02,109.89,1.361
2018-05-03,109.06,1.3569
2018-05-04,109.16,1.3535
2018-05-07,109.14,1.3567
2018-05-08,109.16,1.3521
2018-05-09,109.68,1.3567
2018-05-10,109.53,1.3487
2018-05-11,109.26,1.3549
2018-05-14,109.52,1.3595
2018-05-15,110.25,1.3512
2018-05-16,110.22,1.3478
2018-05-17,110.76,1.3507
2018-05-18,110.71,1.3476
2018-05-21,111.08,1.3418
2018-05-22,110.94,1.3445
2018-05-23,110.05,1.3341
2018-05-24,109.3,1.3384
2018-05-25,109.35,1.3321
2018-05-28,,
2018-05-29,108.62,1.3258
2018-05-30,109.04,1.3296
2018-05-31,108.73,1.3289
2018-06-01,109.49,1.3358
2018-06-04,109.66,1.3314
2018-06-05,109.63,1.336
2018-06-06,110.0,1.3429
2018-06-07,109.92,1.3427
2018-06-08,109.45,1.3406
2018-06-11,109.94,1.3386
2018-06-12,110.22,1.3416
2018-06-13,110.41,1.3378
2018-06-14,110.44,1.3333
2018-06-15,110.58,1.3283
2018-06-18,110.44,1.3247
2018-06-19,110.02,1.3172
2018-06-20,110.14,1.3213
2018-06-21,110.05,1.3251
2018-06-22,109.98,1.3258
2018-06-25,109.62,1.3273
2018-06-26,109.92,1.3243
2018-06-27,110.34,1.3139
2018-06-28,110.38,1.3095
2018-06-29,110.71,1.3197
2018-07-02,110.73,1.3133
2018-07-03,110.54,1.3174
2018-07-04,,
2018-07-05,110.59,1.3228
2018-07-06,110.48,1.3262
2018-07-09,110.78,1.3202
2018-07-10,111.24,1.3266
2018-07-11,111.52,1.3241
2018-07-12,112.41,1.3238
2018-07-13,112.38,1.3216
2018-07-16,112.29,1.3236
2018-07-17,112.79,1.3161
2018-07-18,112.82,1.305
2018-07-19,112.98,1.2987
2018-07-20,111.74,1.3114
2018-07-23,111.36,1.3105
2018-07-24,111.27,1.3135
2018-07-25,111.02,1.315
2018-07-26,111.2,1.3119
2018-07-27,110.94,1.3118
2018-07-30,110.98,1.314
2018-07-31,111.88,1.3125
2018-08-01,111.72,1.312
2018-08-02,111.48,1.3035
2018-08-03,111.12,1.3021
2018-08-06,111.43,1.2947
2018-08-07,111.19,1.2957
2018-08-08,110.96,1.288
2018-08-09,110.9,1.287
2018-08-10,110.66,1.2769
2018-08-13,110.65,1.2757
2018-08-14,110.92,1.2738
2018-08-15,110.62,1.2685
2018-08-16,110.89,1.2722
2018-08-17,110.54,1.2735
2018-08-20,110.38,1.2765
2018-08-21,110.48,1.286
2018-08-22,110.54,1.291
2018-08-23,111.14,1.283
2018-08-24,111.22,1.2858
2018-08-27,111.09,1.2891
2018-08-28,111.04,1.2886
2018-08-29,111.8,1.3006
2018-08-30,111.17,1.2997
2018-08-31,110.98,1.2964
2018-09-03,,
2018-09-04,111.44,1.2833
2018-09-05,111.47,1.2903
2018-09-06,110.87,1.2933
2018-09-07,111.18,1.2934
2018-09-10,111.09,1.3026
2018-09-11,111.54,1.3015
2018-09-12,111.29,1.3029
2018-09-13,111.92,1.3104
2018-09-14,112.09,1.3084
2018-09-17,111.97,1.3146
2018-09-18,112.3,1.3158
2018-09-19,112.21,1.3162
2018-09-20,112.58,1.3237
2018-09-21,112.62,1.3067
2018-09-24,112.62,1.3128
2018-09-25,112.88,1.3162
2018-09-26,112.92,1.3182
2018-09-27,113.38,1.3104
2018-09-28,113.48,1.3053
2018-10-01,113.96,1.3032
2018-10-02,113.66,1.2984
2018-10-03,114.19,1.2993
2018-10-04,113.79,1.3014
2018-10-05,113.56,1.3101
2018-10-08,,
2018-10-09,113.13,1.3139
2018-10-10,112.71,1.3206
2018-10-11,112.26,1.3193
2018-10-12,112.02,1.3154
2018-10-15,111.82,1.3168
2018-10-16,112.16,1.321
2018-10-17,112.21,1.3137
2018-10-18,112.11,1.3061
2018-10-19,112.52,1.3045
2018-10-22,112.78,1.2974
2018-10-23,112.12,1.2982
2018-10-24,112.58,1.2898
2018-10-25,112.54,1.2827
2018-10-26,111.65,1.2826
2018-10-29,112.49,1.2807
2018-10-30,112.76,1.2731
2018-10-31,112.86,1.2779
2018-11-01,112.79,1.2974
2018-11-02,113.09,1.2965
2018-11-05,113.22,1.302
2018-11-06,113.38,1.3076
2018-11-07,113.32,1.3144
2018-11-08,113.87,1.3116
2018-11-09,113.77,1.2978
2018-11-12,,
2018-11-13,113.97,1.3031
2018-11-14,113.7,1.3011
2018-11-15,113.46,1.2749
2018-11-16,112.76,1.2839
2018-11-19,112.54,1.2842
2018-11-20,112.66,1.2809
2018-11-21,113.06,1.2776
2018-11-22,,
2018-11-23,112.83,1.2804
2018-11-26,113.58,1.2809
2018-11-27,113.84,1.2729
2018-11-28,113.96,1.2766
2018-11-29,113.42,1.2789
2018-11-30,113.54,1.2772
2018-12-03,113.54,1.2742
2018-12-04,112.93,1.2719
2018-12-05,,
2018-12-06,112.46,1.2777
2018-12-07,112.6,1.2749
2018-12-10,112.96,1.2558
2018-12-11,113.41,1.2524
2018-12-12,113.28,1.2658
2018-12-13,113.66,1.2635
2018-12-14,113.35,1.257
2018-12-17,112.96,1.2606
2018-12-18,112.54,1.2644
2018-12-19,112.15,1.2669
2018-12-20,111.34,1.265
2018-12-21,111.14,1.2681
2018-12-24,,
2018-12-25,,
2018-12-26,110.45,1.2676
2018-12-27,110.78,1.2627
2018-12-28,110.34,1.2699
2018-12-31,109.7,1.2763
2019-01-01,,
2019-01-02,109.22,1.2598
2019-01-03,108.07,1.2633
2019-01-04,108.29,1.274
2019-01-07,108.62,1.2757
2019-01-08,108.57,1.2724
2019-01-09,108.38,1.2764
2019-01-10,108.29,1.2768
2019-01-11,108.34,1.2836
2019-01-14,,
2019-01-15,108.72,1.2761
2019-01-16,108.84,1.2862
2019-01-17,109.01,1.294
2019-01-18,109.79,1.2898
2019-01-21,,
2019-01-22,109.34,1.2955
2019-01-23,109.44,1.3074
2019-01-24,109.72,1.3027
2019-01-25,109.6,1.3176
2019-01-28,109.2,1.3158
2019-01-29,109.36,1.3146
2019-01-30,109.57,1.3062
2019-01-31,108.84,1.3135
2019-02-01,109.55,1.3094
2019-02-04,109.96,1.3068
2019-02-05,109.99,1.2947
2019-02-06,109.75,1.2956
2019-02-07,109.7,1.2966
2019-02-08,109.76,1.2933
2019-02-11,110.4,1.2862
2019-02-12,110.5,1.2887
2019-02-13,110.86,1.2865
2019-02-14,110.68,1.2793
2019-02-15,110.54,1.2857
2019-02-18,,
2019-02-19,110.68,1.3036
2019-02-20,,
2019-02-21,110.72,1.306
2019-02-22,110.7,1.3067
2019-02-25,111.07,1.3059
2019-02-26,110.76,1.3252
2019-02-27,110.92,1.3318
2019-02-28,111.38,1.3274
2019-03-01,111.89,1.3222
2019-03-04,111.68,1.3186
2019-03-05,111.98,1.3141
2019-03-06,111.66,1.3148
2019-03-07,111.6,1.3107
2019-03-08,111.11,1.301
2019-03-11,111.21,1.3095
2019-03-12,111.38,1.3101
2019-03-13,111.23,1.323
2019-03-14,111.71,1.3281
2019-03-15,111.57,1.3278
2019-03-18,111.41,1.3223
2019-03-19,111.38,1.3263
2019-03-20,111.41,1.3191
2019-03-21,110.86,1.3073
2019-03-22,109.76,1.3219
2019-03-25,110.09,1.3203
2019-03-26,110.5,1.3215
2019-03-27,110.38,1.3192
2019-03-28,110.54,1.3088
2019-03-29,110.68,1.3032
2019-04-01,111.29,1.3144
2019-04-02,111.32,1.3035
2019-04-03,111.48,1.3181
2019-04-04,111.55,1.3072
2019-04-05,111.71,1.301
2019-04-08,111.47,1.3048
2019-04-09,111.08,1.3048
2019-04-10,110.92,1.31
2019-04-11,111.48,1.3068
2019-04-12,112.0,1.3086
2019-04-15,112.0,1.3105
2019-04-16,111.95,1.3049
2019-04-17,112.0,1.3036
2019-04-18,111.94,1.3003
2019-04-19,111.92,1.3003
2019-04-22,111.94,1.2983
2019-04-23,111.86,1.2943
2019-04-24,111.81,1.2947
2019-04-25,111.59,1.2901
2019-04-26,111.6,1.293
2019-04-29,111.8,1.2924
2019-04-30,111.4,1.303
2019-05-01,111.18,1.3091
2019-05-02,111.39,1.3032
2019-05-03,111.28,1.3139
2019-05-06,110.86,1.3093
2019-05-07,110.34,1.3052
2019-05-08,110.12,1.3014
2019-05-09,109.55,1.3013
2019-05-10,109.56,1.3036
2019-05-13,109.18,1.2961
2019-05-14,109.68,1.2921
2019-05-15,109.58,1.2878
2019-05-16,109.89,1.2803
2019-05-17,109.9,1.2723
2019-05-20,109.96,1.2718
2019-05-21,110.6,1.2747
2019-05-22,110.28,1.2674
2019-05-23,109.58,1.2666
2019-05-24,109.38,1.27
2019-05-27,,
2019-05-28,109.49,1.2668
2019-05-29,109.24,1.2631
2019-05-30,109.67,1.2619
2019-05-31,108.66,1.262
2019-06-03,108.39,1.2621
2019-06-04,108.3,1.2675
2019-06-05,108.2,1.2706
2019-06-06,108.08,1.2713
2019-06-07,108.15,1.274
2019-06-10,108.56,1.2684
2019-06-11,108.52,1.2724
2019-06-12,108.42,1.2693
2019-06-13,108.44,1.2678
2019-06-14,108.44,1.2601
2019-06-17,108.56,1.2568
2019-06-18,108.39,1.2547
2019-06-19,108.36,1.2625
2019-06-20,107.52,1.27
2019-06-21,107.55,1.2703
2019-06-24,107.36,1.2728
2019-06-25,106.92,1.2721
2019-06-26,107.64,1.2697
2019-06-27,107.73,1.2674
2019-06-28,107.84,1.2704
2019-07-01,108.42,1.2644
2019-07-02,107.98,1.2599
2019-07-03,107.84,1.2568
2019-07-04,,
2019-07-05,108.55,1.2506
2019-07-08,108.72,1.2503
2019-07-09,108.78,1.2463
2019-07-10,108.44,1.2507
2019-07-11,108.29,1.2549
2019-07-12,108.0,1.2553
2019-07-15,107.89,1.2523
2019-07-16,108.35,1.2408
2019-07-17,108.1,1.2438
2019-07-18,107.74,1.2494
2019-07-19,107.78,1.25
2019-07-22,107.91,1.2475
2019-07-23,108.06,1.2449
2019-07-24,108.08,1.2498
2019-07-25,108.58,1.2471
2019-07-26,108.69,1.2387
2019-07-29,108.86,1.2236
2019-07-30,108.66,1.2148
2019-07-31,108.58,1.222
2019-08-01,108.28,1.2145
2019-08-02,106.64,1.2132
2019-08-05,106.02,1.2165
2019-08-06,106.45,1.2149
2019-08-07,105.62,1.2158
2019-08-08,106.04,1.2138
2019-08-09,105.3,1.2085
2019-08-12,105.38,1.207
2019-08-13,106.6,1.2067
2019-08-14,105.79,1.2068
2019-08-15,106.12,1.2112
2019-08-16,106.34,1.2152
2019-08-19,106.5,1.2138
2019-08-20,106.35,1.2153
2019-08-21,106.52,1.2142
2019-08-22,106.44,1.225
2019-08-23,105.3,1.2261
2019-08-26,106.0,1.2232
2019-08-27,105.8,1.2288
2019-08-28,105.86,1.2248
2019-08-29,106.5,1.2197
2019-08-30,106.3,1.2166
2019-09-02,,
2019-09-03,105.88,1.2086
2019-09-04,106.28,1.219
2019-09-05,106.96,1.2337
2019-09-06,106.8,1.2299
2019-09-09,107.14,1.2368
2019-09-10,107.34,1.2355
2019-09-11,107.73,1.2329
2019-09-12,107.97,1.2357
2019-09-13,108.12,1.2462
2019-09-16,107.94,1.2423
2019-09-17,108.12,1.2493
2019-09-18,108.17,1.2478
2019-09-19,108.0,1.2481
2019-09-20,107.95,1.2489
2019-09-23,107.47,1.2428
2019-09-24,107.32,1.2475
2019-09-25,107.78,1.2363
2019-09-26,107.67,1.2343
2019-09-27,108.05,1.2312
2019-09-30,108.11,1.2305
2019-10-01,107.7,1.2242
2019-10-02,107.21,1.2313
2019-10-03,106.76,1.239
2019-10-04,106.91,1.2309
2019-10-07,107.06,1.2322
2019-10-08,107.06,1.2206
2019-10-09,107.43,1.2215
2019-10-10,107.91,1.2382
2019-10-11,108.52,1.2683
2019-10-14,,
2019-10-15,108.83,1.2737
2019-10-16,108.71,1.2854
2019-10-17,108.51,1.2853
2019-10-18,108.44,1.2904
2019-10-21,108.57,1.2983
2019-10-22,108.56,1.2948
2019-10-23,108.64,1.2886
2019-10-24,108.62,1.281
2019-10-25,108.75,1.2833
2019-10-28,109.02,1.286
2019-10-29,108.83,1.2905
2019-10-30,108.88,1.2872
2019-10-31,108.09,1.2939
2019-11-01,108.16,1.295
2019-11-04,108.56,1.2906
2019-11-05,109.13,1.287
2019-11-06,108.86,1.2872
2019-11-07,109.42,1.2829
2019-11-08,109.14,1.279
2019-11-11,,
2019-11-12,109.09,1.2855
2019-11-13,108.83,1.284
2019-11-14,108.33,1.2879
2019-11-15,108.8,1.2901
2019-11-18,108.61,1.2965
2019-11-19,108.59,1.2926
2019-11-20,108.67,1.2918
2019-11-21,108.53,1.2915
2019-11-22,108.67,1.2829
2019-11-25,108.95,1.2885
2019-11-26,109.11,1.285
2019-11-27,109.38,1.2881
2019-11-28,,
2019-11-29,109.47,1.2939
2019-12-02,109.09,1.2936
2019-12-03,108.53,1.3002
2019-12-04,108.87,1.3095
2019-12-05,108.69,1.3165
2019-12-06,108.66,1.3127
2019-12-09,108.59,1.3157
2019-12-10,108.73,1.3178
2019-12-11,108.67,1.3176
2019-12-12,109.16,1.3133
2019-12-13,109.28,1.3349
2019-12-16,109.64,1.333
2019-12-17,109.52,1.3116
2019-12-18,109.58,1.3078
2019-12-19,109.23,1.3034
2019-12-20,109.45,1.3036
2019-12-23,109.39,1.2917
2019-12-24,109.38,1.2955
2019-12-25,,
2019-12-26,109.67,1.3007
2019-12-27,109.47,1.309
2019-12-30,108.85,1.314
2019-12-31,108.67,1.3269
2020-01-01,,
2020-01-02,108.43,1.3128
2020-01-03,107.94,1.3091
2020-01-06,108.36,1.3163
2020-01-07,108.53,1.3127
2020-01-08,109.03,1.311
2020-01-09,109.47,1.3069
2020-01-10,109.5,1.306
2020-01-13,109.93,1.2983
2020-01-14,110.05,1.3018
2020-01-15,109.94,1.303
2020-01-16,110.16,1.3076
2020-01-17,110.16,1.3029
2020-01-20,,
2020-01-21,109.95,1.3047
2020-01-22,109.93,1.3136
2020-01-23,109.39,1.3104
2020-01-24,109.31,1.3071
2020-01-27,108.95,1.3054
2020-01-28,109.17,1.2996
2020-01-29,109.15,1.3012
2020-01-30,108.75,1.3106
2020-01-31,108.5,1.3195
2020-02-03,108.59,1.3006
2020-02-04,109.41,1.3029
2020-02-05,109.74,1.3
2020-02-06,109.89,1.2935
2020-02-07,109.81,1.2908
2020-02-10,109.77,1.2919
2020-02-11,109.78,1.2945
2020-02-12,110.0,1.2978
2020-02-13,109.81,1.3051
2020-02-14,109.77,1.3039
2020-02-17,,
2020-02-18,109.8,1.3017
2020-02-19,111.17,1.2934
2020-02-20,111.86,1.2877
2020-02-21,111.74,1.2966
2020-02-24,110.56,1.2923
2020-02-25,110.23,1.3004
2020-02-26,110.36,1.2921
2020-02-27,110.15,1.2876
2020-02-28,108.12,1.2778
2020-03-02,108.02,1.2791
2020-03-03,107.28,1.2827
2020-03-04,107.34,1.2836
2020-03-05,106.56,1.2939
2020-03-06,105.31,1.301
2020-03-09,102.52,1.31
2020-03-10,103.71,1.2933
2020-03-11,104.81,1.2887
2020-03-12,105.67,1.2541
2020-03-13,107.15,1.2406
2020-03-16,105.64,1.2278
2020-03-17,107.41,1.2017
2020-03-18,108.45,1.176
2020-03-19,110.08,1.1662
2020-03-20,111.3,1.1743
2020-03-23,111.36,1.1492
2020-03-24,111.44,1.1784
2020-03-25,111.43,1.1763
2020-03-26,109.45,1.214
2020-03-27,108.16,1.236
2020-03-30,108.06,1.2392
2020-03-31,107.53,1.2454
2020-04-01,107.05,1.2394
2020-04-02,107.85,1.238
2020-04-03,108.53,1.2228
2020-04-06,109.11,1.2298
2020-04-07,108.97,1.2343
2020-04-08,108.7,1.2394
2020-04-09,108.38,1.2458
2020-04-10,108.39,1.2485
2020-04-13,107.59,1.2518
2020-04-14,107.08,1.2617
2020-04-15,107.42,1.2523
2020-04-16,107.72,1.2433
2020-04-17,107.52,1.2503
2020-04-20,107.69,1.2467
2020-04-21,107.69,1.2266
2020-04-22,107.81,1.2332
2020-04-23,107.65,1.2369
2020-04-24,107.44,1.2335
2020-04-27,107.22,1.2421
2020-04-28,106.83,1.2438
2020-04-29,106.67,1.2429
2020-04-30,106.94,1.2602
2020-05-01,106.76,1.2509
2020-05-04,106.82,1.243
2020-05-05,106.52,1.2449
2020-05-06,106.07,1.2347
2020-05-07,106.36,1.2349
2020-05-08,106.5,1.2436
2020-05-11,107.7,1.233
2020-05-12,107.33,1.2299
2020-05-13,106.92,1.2225
2020-05-14,107.09,1.2194
2020-05-15,107.27,1.2129
2020-05-18,107.25,1.2211
2020-05-19,107.89,1.2255
2020-05-20,107.46,1.2257
2020-05-21,107.69,1.2227
2020-05-22,107.5,1.2178
2020-05-25,,
2020-05-26,107.64,1.2337
2020-05-27,107.79,1.2231
2020-05-28,107.67,1.2325
2020-05-29,107.77,1.232
2020-06-01,107.56,1.2472
2020-06-02,108.6,1.2531
2020-06-03,108.88,1.26
2020-06-04,109.0,1.2608
2020-06-05,109.68,1.2703
2020-06-08,108.46,1.2694
2020-06-09,107.66,1.2736
2020-06-10,107.25,1.2758
2020-06-11,106.67,1.2635
2020-06-12,107.36,1.2527
2020-06-15,107.33,1.2543
2020-06-16,107.35,1.2586
2020-06-17,107.26,1.2526
2020-06-18,106.78,1.243
2020-06-19,106.89,1.2362
2020-06-22,106.84,1.2447
2020-06-23,106.44,1.2531
2020-06-24,106.83,1.2432
2020-06-25,107.21,1.2406
2020-06-26,107.19,1.2337
2020-06-29,107.71,1.2279
2020-06-30,107.77,1.2369
2020-07-01,107.5,1.2474
2020-07-02,107.55,1.2469
2020-07-03,,
2020-07-06,107.5,1.2482
2020-07-07,107.53,1.2572
2020-07-08,107.39,1.2593
2020-07-09,107.27,1.2614
2020-07-10,106.77,1.2654
2020-07-13,107.22,1.2614
2020-07-14,107.2,1.2546
2020-07-15,106.92,1.2586
2020-07-16,107.05,1.2621
2020-07-17,107.06,1.255
2020-07-20,107.21,1.2658
2020-07-21,106.82,1.2736
2020-07-22,107.18,1.2729
2020-07-23,106.83,1.2759
2020-07-24,105.79,1.2791
2020-07-27,105.29,1.2887
2020-07-28,105.03,1.295
2020-07-29,105.06,1.2974
2020-07-30,105.05,1.3035
2020-07-31,105.78,1.3133
2020-08-03,106.11,1.3053
2020-08-04,105.87,1.3059
2020-08-05,105.44,1.3141
2020-08-06,105.52,1.3147
2020-08-07,105.92,1.3043
2020-08-10,105.85,1.3082
2020-08-11,106.56,1.3077
2020-08-12,106.85,1.3047
2020-08-13,106.89,1.3082
2020-08-14,106.49,1.3108
2020-08-17,105.97,1.3105
2020-08-18,105.41,1.3228
2020-08-19,105.71,1.3191
2020-08-20,105.81,1.319
2020-08-21,105.88,1.3098
2020-08-24,105.9,1.3078
2020-08-25,106.4,1.3136
2020-08-26,106.13,1.3186
2020-08-27,106.42,1.3229
2020-08-28,105.3,1.3341
2020-08-31,105.84,1.3375
2020-09-01,106.0,1.3416
2020-09-02,106.15,1.3315
2020-09-03,106.14,1.3263
2020-09-04,106.34,1.323
2020-09-07,,
2020-09-08,105.97,1.3039
2020-09-09,106.23,1.3011
2020-09-10,106.19,1.2846
2020-09-11,106.17,1.2788
2020-09-14,105.68,1.2876
2020-09-15,105.5,1.2866
2020-09-16,104.94,1.298
2020-09-17,104.77,1.2955
2020-09-18,104.44,1.295
2020-09-21,104.69,1.2794
2020-09-22,105.05,1.2726
2020-09-23,105.34,1.275
2020-09-24,105.42,1.2739
2020-09-25,105.59,1.2706
2020-09-28,105.5,1.2865
2020-09-29,105.68,1.2847
2020-09-30,105.58,1.2921
2020-10-01,105.53,1.2901
2020-10-02,105.36,1.2928
2020-10-05,105.7,1.2972
2020-10-06,105.64,1.2945
2020-10-07,105.97,1.2914
2020-10-08,105.98,1.2944
2020-10-09,105.72,1.3003
2020-10-12,,
2020-10-13,105.55,1.2968
2020-10-14,105.08,1.3023
2020-10-15,105.38,1.2917
2020-10-16,105.41,1.2931
2020-10-19,105.42,1.2998
2020-10-20,105.56,1.2951
2020-10-21,104.58,1.3143
2020-10-22,104.88,1.309
2020-10-23,104.78,1.3039
2020-10-26,104.86,1.3021
2020-10-27,104.44,1.3067
2020-10-28,104.33,1.2997
2020-10-29,104.69,1.289
2020-10-30,104.54,1.2933
2020-11-02,104.8,1.2904
2020-11-03,104.5,1.305
2020-11-04,104.39,1.3021
2020-11-05,103.67,1.3116
2020-11-06,103.32,1.3162
2020-11-09,105.58,1.3137
2020-11-10,105.36,1.3234
2020-11-11,,
2020-11-12,105.16,1.3142
2020-11-13,104.61,1.3176
2020-11-16,104.54,1.3197
2020-11-17,104.2,1.3247
2020-11-18,103.72,1.3299
2020-11-19,103.85,1.3225
2020-11-20,103.81,1.3294
2020-11-23,104.42,1.33
2020-11-24,104.61,1.335
2020-11-25,104.39,1.3378
2020-11-26,,
2020-11-27,,
2020-11-30,104.38,1.3338
2020-12-01,104.4,1.3392
2020-12-02,104.52,1.3348
2020-12-03,103.77,1.3496
2020-12-04,104.16,1.3485
2020-12-07,104.01,1.3353
2020-12-08,104.14,1.3358
2020-12-09,104.28,1.3392
2020-12-10,104.3,1.3293
2020-12-11,103.88,1.3197
2020-12-14,104.06,1.3324
2020-12-15,103.69,1.3434
2020-12-16,103.59,1.3503
2020-12-17,103.13,1.3609
2020-12-18,103.35,1.3497
2020-12-21,103.44,1.3354
2020-12-22,103.62,1.3349
2020-12-23,103.52,1.351
2020-12-24,,
2020-12-25,,
2020-12-28,103.84,1.3447
2020-12-29,103.5,1.3512
2020-12-30,103.31,1.3605
2020-12-31,103.19,1.3662
2021-01-01,,
2021-01-04,103.19,1.3551
2021-01-05,102.7,1.362
2021-01-06,103.25,1.3593
2021-01-07,103.84,1.3551
2021-01-08,103.89,1.3583
2021-01-11,104.16,1.3522
2021-01-12,104.09,1.3637
2021-01-13,103.91,1.3631
2021-01-14,103.66,1.369
2021-01-15,103.8,1.3599
2021-01-18,,
2021-01-19,103.86,1.3627
2021-01-20,,
2021-01-21,103.57,1.3721
2021-01-22,103.76,1.3685
2021-01-25,103.78,1.3668
2021-01-26,103.69,1.3729
2021-01-27,104.09,1.3688
2021-01-28,104.31,1.3727
2021-01-29,104.64,1.3723
2021-02-01,104.97,1.3672
2021-02-02,105.09,1.3644
2021-02-03,105.05,1.3652
2021-02-04,105.43,1.3665
2021-02-05,105.44,1.3714
2021-02-08,105.19,1.3738
2021-02-09,104.62,1.3796
2021-02-10,104.67,1.385
2021-02-11,104.75,1.3822
2021-02-12,104.94,1.3855
2021-02-15,,
2021-02-16,105.88,1.391
2021-02-17,105.83,1.3848
2021-02-18,105.69,1.3956
2021-02-19,105.58,1.4025
2021-02-22,105.06,1.4077
2021-02-23,105.21,1.4092
2021-02-24,105.91,1.4106
2021-02-25,106.22,1.4105
2021-02-26,106.64,1.3947
2021-03-01,106.68,1.3938
2021-03-02,106.75,1.3962
2021-03-03,106.92,1.3978
2021-03-04,107.58,1.3999
2021-03-05,108.24,1.3817
2021-03-08,108.92,1.381
2021-03-09,108.64,1.3884
2021-03-10,108.58,1.3899
2021-03-11,108.44,1.398
2021-03-12,108.87,1.3925
2021-03-15,109.11,1.3866
2021-03-16,109.01,1.3892
2021-03-17,109.22,1.3888
2021-03-18,108.97,1.3938
2021-03-19,108.85,1.3872
2021-03-22,108.67,1.3856
2021-03-23,108.61,1.3795
2021-03-24,108.81,1.3723
2021-03-25,109.13,1.3722
2021-03-26,109.55,1.3794
2021-03-29,109.73,1.3793
2021-03-30,110.19,1.3729
2021-03-31,110.61,1.3795
2021-04-01,110.61,1.3825
2021-04-02,110.67,1.3825
2021-04-05,110.08,1.3907
2021-04-06,109.83,1.3849
2021-04-07,109.67,1.3757
2021-04-08,109.25,1.3739
2021-04-09,109.64,1.3734
2021-04-12,109.43,1.3741
2021-04-13,109.19,1.3742
2021-04-14,108.93,1.379
2021-04-15,108.78,1.3781
2021-04-16,108.78,1.3826
2021-04-19,108.09,1.3977
2021-04-20,108.07,1.3955
2021-04-21,108.09,1.3936
2021-04-22,108.17,1.3851
2021-04-23,107.94,1.3845
2021-04-26,108.12,1.389
2021-04-27,108.56,1.3908
2021-04-28,108.81,1.3917
2021-04-29,108.94,1.3956
2021-04-30,109.33,1.3838
2021-05-03,109.08,1.3913
2021-05-04,109.34,1.3873
2021-05-05,109.27,1.3913
2021-05-06,109.17,1.388
2021-05-07,108.52,1.4
2021-05-10,108.7,1.4153
2021-05-11,108.53,1.4149
2021-05-12,109.53,1.4081
2021-05-13,109.56,1.4033
2021-05-14,109.37,1.4096
2021-05-17,109.17,1.4127
2021-05-18,109.01,1.4184
2021-05-19,108.76,1.4169
2021-05-20,108.79,1.4182
2021-05-21,108.94,1.4158
2021-05-24,108.81,1.4147
2021-05-25,108.95,1.4123
2021-05-26,109.1,1.4129
2021-05-27,109.81,1.4172
2021-05-28,109.83,1.4188
2021-05-31,,
2021-06-01,109.43,1.4168
2021-06-02,109.59,1.4177
2021-06-03,110.28,1.4099
2021-06-04,109.42,1.4175
2021-06-07,109.25,1.4179
2021-06-08,109.47,1.4146
2021-06-09,109.61,1.4124
2021-06-10,109.49,1.4165
2021-06-11,109.75,1.4114
2021-06-14,109.98,1.4116
2021-06-15,110.12,1.4073
2021-06-16,109.88,1.411
2021-06-17,110.28,1.3916
2021-06-18,110.21,1.3817
2021-06-21,110.22,1.3915
2021-06-22,110.75,1.3921
2021-06-23,110.86,1.3977
2021-06-24,110.91,1.3907
2021-06-25,110.78,1.3899
2021-06-28,110.5,1.3895
2021-06-29,110.53,1.3845
2021-06-30,111.05,1.3806
2021-07-01,111.56,1.378
2021-07-02,111.28,1.3795
2021-07-05,,
2021-07-06,110.66,1.3792
2021-07-07,110.62,1.3792
2021-07-08,109.82,1.3767
2021-07-09,110.18,1.3842
2021-07-12,110.36,1.3886
2021-07-13,110.36,1.3847
2021-07-14,110.03,1.3854
2021-07-15,110.05,1.3849
2021-07-16,110.13,1.3785
2021-07-19,109.45,1.369
2021-07-20,109.92,1.3615
2021-07-21,110.22,1.3695
2021-07-22,110.1,1.375
2021-07-23,110.52,1.3749
2021-07-26,110.31,1.3829
2021-07-27,109.64,1.3884
2021-07-28,110.06,1.3884
2021-07-29,109.53,1.3966
2021-07-30,109.7,1.3913
2021-08-02,109.22,1.3886
2021-08-03,109.09,1.3905
2021-08-04,109.44,1.3912
2021-08-05,109.75,1.3929
2021-08-06,110.22,1.3873
2021-08-09,110.25,1.3852
2021-08-10,110.54,1.384
2021-08-11,110.47,1.3866
2021-08-12,110.36,1.3833
2021-08-13,109.75,1.3857
2021-08-16,109.26,1.3849
2021-08-17,109.59,1.3739
2021-08-18,109.92,1.3749
2021-08-19,109.75,1.3673
2021-08-20,109.77,1.3625
2021-08-23,109.78,1.3717
2021-08-24,109.68,1.3716
2021-08-25,110.03,1.3723
2021-08-26,110.09,1.3712
2021-08-27,109.84,1.3769
2021-08-30,109.91,1.3758
2021-08-31,110.05,1.3747
2021-09-01,110.03,1.379
2021-09-02,110.01,1.3825
2021-09-03,109.64,1.3862
2021-09-06,,
2021-09-07,110.17,1.3792
2021-09-08,110.32,1.3761
2021-09-09,109.76,1.3855
2021-09-10,109.93,1.3847
2021-09-13,109.94,1.3844
2021-09-14,109.66,1.3848
2021-09-15,109.4,1.3837
2021-09-16,109.67,1.3785
2021-09-17,109.94,1.3755
2021-09-20,109.47,1.3656
2021-09-21,109.33,1.3663
2021-09-22,109.59,1.3669
2021-09-23,110.17,1.3745
2021-09-24,110.72,1.3681
2021-09-27,110.97,1.3712
2021-09-28,111.33,1.3537
2021-09-29,111.83,1.3439
2021-09-30,111.5,1.347
2021-10-01,110.97,1.3572
2021-10-04,110.94,1.3602
2021-10-05,111.39,1.364
2021-10-06,111.33,1.3569
2021-10-07,111.5,1.3634
2021-10-08,112.15,1.363
2021-10-11,,
2021-10-12,113.69,1.3605
2021-10-13,113.49,1.3645
2021-10-14,113.59,1.3684
2021-10-15,114.31,1.3756
2021-10-18,114.22,1.3726
2021-10-19,114.27,1.3807
2021-10-20,114.24,1.3821
2021-10-21,113.75,1.3812
2021-10-22,113.54,1.3741
2021-10-25,113.7,1.3773
2021-10-26,114.19,1.3772
2021-10-27,113.75,1.3739
2021-10-28,113.38,1.3804
2021-10-29,114.03,1.3686
2021-11-01,114.19,1.3679
2021-11-02,113.78,1.3612
2021-11-03,114.06,1.3659
2021-11-04,113.63,1.3494
2021-11-05,113.45,1.3491
2021-11-08,113.15,1.3563
2021-11-09,112.87,1.3551
2021-11-10,113.89,1.347
2021-11-11,,
2021-11-12,113.9,1.3412
2021-11-15,113.96,1.3444
2021-11-16,114.62,1.3429
2021-11-17,114.33,1.3488
2021-11-18,114.22,1.3489
2021-11-19,113.81,1.3474
2021-11-22,114.69,1.3412
2021-11-23,114.98,1.3388
2021-11-24,115.34,1.3332
2021-11-25,,
2021-11-26,113.46,1.3322
2021-11-29,113.75,1.3291
2021-11-30,113.22,1.3252
2021-12-01,112.82,1.3308
2021-12-02,113.1,1.3305
2021-12-03,112.88,1.3234
2021-12-06,113.31,1.3252
2021-12-07,113.61,1.3236
2021-12-08,113.83,1.3236
2021-12-09,113.53,1.3188
2021-12-10,113.36,1.3262
2021-12-13,113.42,1.3233
2021-12-14,113.63,1.3225
2021-12-15,113.83,1.3214
2021-12-16,113.67,1.3325
2021-12-17,113.56,1.3269
2021-12-20,113.45,1.3222
2021-12-21,114.11,1.3253
2021-12-22,114.22,1.3345
2021-12-23,114.42,1.341
2021-12-24,,
2021-12-27,114.85,1.3438
2021-12-28,114.75,1.3432
2021-12-29,114.97,1.3475
2021-12-30,115.17,1.35
2021-12-31,,
2022-01-03,115.27,1.3469
2022-01-04,116.12,1.3544
2022-01-05,115.91,1.3573
2022-01-06,115.78,1.3539
2022-01-07,115.61,1.3583
2022-01-10,115.14,1.3567
2022-01-11,115.38,1.3622
2022-01-12,114.74,1.3698
2022-01-13,114.06,1.3724
2022-01-14,113.89,1.367
2022-01-17,,
2022-01-18,114.6,1.3588
2022-01-19,114.28,1.3625
2022-01-20,114.08,1.3642
2022-01-21,113.72,1.3562
2022-01-24,113.82,1.3447
2022-01-25,113.88,1.3495
2022-01-26,114.33,1.3516
2022-01-27,115.47,1.3385
2022-01-28,115.21,1.3417
2022-01-31,115.22,1.3439
2022-02-01,114.77,1.3505
2022-02-02,114.36,1.3565
2022-02-03,114.88,1.3602
2022-02-04,115.22,1.3543
2022-02-07,115.09,1.3533
2022-02-08,115.62,1.3552
2022-02-09,115.44,1.354
2022-02-10,115.84,1.3636
2022-02-11,115.91,1.3601
2022-02-14,115.72,1.3516
2022-02-15,115.64,1.3539
2022-02-16,115.41,1.3585
2022-02-17,115.03,1.3624
2022-02-18,115.08,1.3585
2022-02-21,,
2022-02-22,114.94,1.3597
2022-02-23,115.12,1.3555
2022-02-24,115.45,1.336
2022-02-25,115.62,1.3407
2022-02-28,115.11,1.3419
2022-03-01,114.87,1.3318
2022-03-02,115.59,1.3365
2022-03-03,115.67,1.3326
2022-03-04,114.65,1.3214
2022-03-07,115.41,1.3115
2022-03-08,115.64,1.3101
2022-03-09,115.87,1.316
2022-03-10,116.05,1.3108
2022-03-11,117.08,1.3063
2022-03-14,118.0,1.3044
2022-03-15,118.19,1.3065
2022-03-16,118.48,1.3096
2022-03-17,118.45,1.3159
2022-03-18,119.17,1.3169
2022-03-21,119.15,1.3201
2022-03-22,120.66,1.3258
2022-03-23,121.02,1.3212
2022-03-24,122.08,1.3183
2022-03-25,121.98,1.3193
2022-03-28,123.25,1.3091
2022-03-29,122.61,1.3125
2022-03-30,121.97,1.3149
2022-03-31,121.44,1.3152
2022-04-01,122.6,1.3114
2022-04-04,122.7,1.3116
2022-04-05,123.48,1.3101
2022-04-06,123.7,1.3082
2022-04-07,123.8,1.306
2022-04-08,124.31,1.3032
2022-04-11,125.55,1.3033
2022-04-12,125.25,1.3031
2022-04-13,125.51,1.3072
2022-04-14,125.92,1.3052
2022-04-15,126.31,1.3066
2022-04-18,126.77,1.3019
2022-04-19,128.55,1.3009
2022-04-20,127.76,1.3055
2022-04-21,128.62,1.3042
2022-04-22,128.78,1.2848
2022-04-25,127.66,1.2698
2022-04-26,127.37,1.2617
2022-04-27,128.44,1.2547
2022-04-28,130.94,1.2443
2022-04-29,129.84,1.2565
2022-05-02,130.18,1.2523
2022-05-03,130.09,1.251
2022-05-04,129.97,1.2487
2022-05-05,130.41,1.2334
2022-05-06,130.35,1.2344
2022-05-09,130.37,1.2335
2022-05-10,130.21,1.2313
2022-05-11,130.2,1.2317
2022-05-12,128.1,1.2198
2022-05-13,129.23,1.2242
2022-05-16,129.15,1.227
2022-05-17,129.31,1.2468
2022-05-18,128.22,1.2396
2022-05-19,127.62,1.2504
2022-05-20,127.86,1.2492
2022-05-23,127.78,1.2571
2022-05-24,126.56,1.2544
2022-05-25,127.31,1.2539
2022-05-26,127.23,1.2582
2022-05-27,127.14,1.2613
2022-05-30,,
2022-05-31,128.53,1.2624
2022-06-01,130.09,1.2472
2022-06-02,129.83,1.2557
2022-06-03,130.71,1.2496
2022-06-06,131.55,1.2544
2022-06-07,132.53,1.2594
2022-06-08,134.06,1.2557
2022-06-09,134.06,1.2511
2022-06-10,134.19,1.233
2022-06-13,134.12,1.217
2022-06-14,134.89,1.2011
2022-06-15,134.5,1.2057
2022-06-16,131.65,1.2341
2022-06-17,135.14,1.2201
2022-06-20,,
2022-06-21,136.25,1.2277
2022-06-22,136.05,1.228
2022-06-23,134.72,1.224
2022-06-24,135.22,1.2273
2022-06-27,135.26,1.2305
2022-06-28,136.19,1.22
2022-06-29,136.5,1.2151
2022-06-30,135.69,1.2162
2022-07-01,135.09,1.2048
2022-07-04,,
2022-07-05,135.72,1.1932
2022-07-06,135.66,1.1907
2022-07-07,135.99,1.1994
2022-07-08,136.16,1.2036
2022-07-11,137.29,1.1907
2022-07-12,136.68,1.1905
2022-07-13,137.34,1.1919
2022-07-14,138.94,1.1827
2022-07-15,138.57,1.1857
2022-07-18,138.23,1.1989
2022-07-19,137.94,1.2022
2022-07-20,138.16,1.1989
2022-07-21,137.94,1.1968
2022-07-22,136.12,1.2019
2022-07-25,136.72,1.2042
2022-07-26,136.62,1.2036
2022-07-27,137.31,1.2027
2022-07-28,134.45,1.2126
2022-07-29,133.25,1.2183
2022-08-01,131.8,1.2278
2022-08-02,132.32,1.2218
2022-08-03,134.18,1.2132
2022-08-04,133.28,1.2141
2022-08-05,135.33,1.2061
2022-08-08,134.73,1.2098
2022-08-09,134.95,1.2089
2022-08-10,132.58,1.2245
2022-08-11,132.66,1.223
2022-08-12,133.57,1.2132
2022-08-15,133.13,1.209
2022-08-16,134.38,1.209
2022-08-17,135.4,1.203
2022-08-18,135.29,1.197
2022-08-19,137.01,1.181
2022-08-22,137.57,1.1752
2022-08-23,136.36,1.1844
2022-08-24,136.92,1.1802
2022-08-25,136.83,1.1803
2022-08-26,137.07,1.1778
2022-08-29,138.74,1.1718
2022-08-30,138.73,1.1651
2022-08-31,138.69,1.1647
2022-09-01,139.93,1.1541
2022-09-02,140.03,1.1582
2022-09-05,,
2022-09-06,142.95,1.1549
2022-09-07,144.39,1.1473
2022-09-08,144.05,1.1489
2022-09-09,142.44,1.16
2022-09-12,142.41,1.1701
2022-09-13,144.3,1.1526
2022-09-14,142.93,1.1564
2022-09-15,143.57,1.1472
2022-09-16,143.04,1.1419
2022-09-19,143.34,1.1403
2022-09-20,143.64,1.1405
2022-09-21,144.14,1.133
2022-09-22,142.16,1.1269
2022-09-23,143.18,1.0921
2022-09-26,144.45,1.0703
2022-09-27,144.71,1.0753
2022-09-28,144.15,1.0832
2022-09-29,144.45,1.1048
2022-09-30,144.71,1.1134
2022-10-03,144.5,1.1272
2022-10-04,144.32,1.1446
2022-10-05,144.73,1.1275
2022-10-06,144.94,1.1133
2022-10-07,145.19,1.1116
2022-10-10,,
2022-10-11,145.55,1.1168
2022-10-12,146.87,1.1096
2022-10-13,147.15,1.1344
2022-10-14,148.46,1.1208
2022-10-17,148.71,1.1427
2022-10-18,149.23,1.1307
2022-10-19,149.77,1.1232
2022-10-20,149.82,1.1288
2022-10-21,146.35,1.1292
2022-10-24,148.76,1.1295
2022-10-25,147.85,1.1469
2022-10-26,146.5,1.1615
2022-10-27,146.02,1.1574
2022-10-28,147.68,1.1573
2022-10-31,148.63,1.1515
2022-11-01,148.11,1.146
2022-11-02,147.11,1.1467
2022-11-03,148.18,1.1183
2022-11-04,147.22,1.1279
2022-11-07,146.64,1.1463
2022-11-08,145.38,1.1595
2022-11-09,146.15,1.1396
2022-11-10,141.78,1.1677
2022-11-11,,
2022-11-14,140.43,1.1728
2022-11-15,139.36,1.189
2022-11-16,139.59,1.1889
2022-11-17,140.45,1.1812
2022-11-18,140.03,1.1902
2022-11-21,141.95,1.1785
2022-11-22,141.29,1.188
2022-11-23,139.76,1.204
2022-11-24,,
2022-11-25,139.21,1.2102
2022-11-28,138.67,1.2041
2022-11-29,138.28,1.1996
2022-11-30,139.31,1.1962
2022-12-01,135.55,1.2252
2022-12-02,134.89,1.2292
2022-12-05,136.55,1.2169
2022-12-06,136.67,1.2202
2022-12-07,136.57,1.2194
2022-12-08,136.45,1.2235
2022-12-09,136.4,1.2311
2022-12-12,137.47,1.2285
2022-12-13,135.14,1.2375
2022-12-14,134.95,1.2408
2022-12-15,137.92,1.2206
2022-12-16,136.55,1.2168
2022-12-19,136.87,1.218
2022-12-20,131.08,1.2146
2022-12-21,132.36,1.2072
2022-12-22,132.34,1.2032
2022-12-23,132.78,1.2054
2022-12-26,,
2022-12-27,133.43,1.2032
2022-12-28,134.27,1.2034
2022-12-29,133.16,1.206
2022-12-30,131.81,1.2077
2023-01-02,,
2023-01-03,130.83,1.197
2023-01-04,132.0,1.2063
2023-01-05,133.57,1.1902
2023-01-06,132.21,1.2064
2023-01-09,131.58,1.2206
2023-01-10,132.25,1.2155
2023-01-11,132.58,1.2125
2023-01-12,129.75,1.2182
2023-01-13,127.85,1.2194
2023-01-16,,
2023-01-17,128.18,1.2264
2023-01-18,128.45,1.2369
2023-01-19,128.48,1.2366
2023-01-20,129.97,1.2374
2023-01-23,130.69,1.237
2023-01-24,130.07,1.2323
2023-01-25,129.64,1.2374
2023-01-26,130.4,1.237
2023-01-27,129.94,1.2379
2023-01-30,130.34,1.2373
2023-01-31,130.17,1.2324
2023-02-01,129.27,1.2308
2023-02-02,128.45,1.226
2023-02-03,131.07,1.2073
2023-02-06,132.76,1.2009
2023-02-07,131.37,1.2013
2023-02-08,131.27,1.2093
2023-02-09,130.98,1.2157
2023-02-10,131.5,1.2061
2023-02-13,132.71,1.2136
2023-02-14,133.05,1.2157
2023-02-15,134.22,1.2031
2023-02-16,133.95,1.2018
2023-02-17,134.21,1.2012
2023-02-20,,
2023-02-21,134.87,1.2111
2023-02-22,134.77,1.2064
2023-02-23,134.8,1.2016
2023-02-24,136.36,1.1948
2023-02-27,136.18,1.2036
2023-02-28,136.09,1.2093
2023-03-01,135.82,1.2034
2023-03-02,136.84,1.1942
2023-03-03,136.09,1.1996
2023-03-06,135.93,1.2048
2023-03-07,136.9,1.1857
2023-03-08,137.18,1.1837
2023-03-09,136.41,1.1922
2023-03-10,135.05,1.2043
2023-03-13,133.13,1.216
2023-03-14,134.33,1.2146
2023-03-15,132.81,1.2032
2023-03-16,133.01,1.2111
2023-03-17,132.01,1.2141
2023-03-20,131.59,1.2257
2023-03-21,132.27,1.2195
2023-03-22,132.67,1.2232
2023-03-23,130.99,1.2322
2023-03-24,130.64,1.2225
2023-03-27,131.49,1.2278
2023-03-28,130.97,1.2341
2023-03-29,132.69,1.2313
2023-03-30,132.71,1.2368
2023-03-31,132.75,1.2369
2023-04-03,132.35,1.2403
2023-04-04,131.6,1.2498
2023-04-05,131.11,1.2469
2023-04-06,131.67,1.2456
2023-04-07,132.11,1.2422
2023-04-10,133.75,1.2358
2023-04-11,133.63,1.2409
2023-04-12,133.25,1.2471
2023-04-13,132.37,1.2531
2023-04-14,133.74,1.2417
2023-04-17,134.51,1.2359
2023-04-18,134.11,1.2419
2023-04-19,134.79,1.2442
2023-04-20,134.1,1.2448
2023-04-21,134.28,1.2419
2023-04-24,134.41,1.2457
2023-04-25,133.96,1.2398
2023-04-26,133.72,1.2486
2023-04-27,134.04,1.2471
2023-04-28,135.99,1.2582
2023-05-01,137.35,1.2495
2023-05-02,136.46,1.2475
2023-05-03,135.31,1.2547
2023-05-04,133.76,1.258
2023-05-05,134.85,1.265
2023-05-08,134.83,1.2633
2023-05-09,135.15,1.2618
2023-05-10,134.52,1.2614
2023-05-11,134.46,1.2501
2023-05-12,135.63,1.2464
2023-05-15,136.07,1.2526
2023-05-16,136.62,1.2494
2023-05-17,137.51,1.2475
2023-05-18,138.5,1.2424
2023-05-19,137.67,1.2464
2023-05-22,138.65,1.2425
2023-05-23,138.74,1.2423
2023-05-24,139.14,1.2368
2023-05-25,139.81,1.2325
2023-05-26,140.53,1.2342
2023-05-29,,
2023-05-30,139.83,1.2403
2023-05-31,139.78,1.2396
2023-06-01,138.74,1.2536
2023-06-02,139.76,1.2468
2023-06-05,139.64,1.244
2023-06-06,139.67,1.2418
2023-06-07,139.98,1.2451
2023-06-08,138.83,1.2547
2023-06-09,139.35,1.2579
2023-06-12,139.72,1.2489
2023-06-13,140.0,1.2611
2023-06-14,139.33,1.2696
2023-06-15,140.49,1.2762
2023-06-16,141.82,1.2815
2023-06-19,,
2023-06-20,141.46,1.2732
2023-06-21,142.09,1.2737
2023-06-22,142.89,1.275
2023-06-23,143.78,1.2701
2023-06-26,143.55,1.2724
2023-06-27,144.0,1.2752
2023-06-28,144.23,1.2637
2023-06-29,144.72,1.2617
2023-06-30,144.47,1.2709
2023-07-03,144.5,1.2695
2023-07-04,,
2023-07-05,144.56,1.271
2023-07-06,144.09,1.2721
2023-07-07,142.21,1.2838
2023-07-10,141.56,1.2837
2023-07-11,140.51,1.2901
2023-07-12,138.21,1.2993
2023-07-13,138.14,1.3097
2023-07-14,138.74,1.3113
2023-07-17,138.92,1.3078
2023-07-18,138.94,1.3054
2023-07-19,139.76,1.2898
2023-07-20,140.39,1.2849
2023-07-21,141.75,1.2854
2023-07-24,141.19,1.2828
2023-07-25,140.91,1.2876
2023-07-26,140.41,1.293
2023-07-27,141.03,1.287
2023-07-28,140.72,1.287
2023-07-31,142.18,1.2857
2023-08-01,143.34,1.275
2023-08-02,143.21,1.2712
2023-08-03,142.42,1.2709
2023-08-04,141.79,1.2775
2023-08-07,142.45,1.2769
2023-08-08,143.17,1.2729
2023-08-09,143.58,1.2715
2023-08-10,144.4,1.2726
2023-08-11,144.94,1.2694
2023-08-14,145.3,1.2691
2023-08-15,145.4,1.2745
2023-08-16,145.81,1.2749
2023-08-17,146.16,1.2753
2023-08-18,145.15,1.2738
2023-08-21,146.26,1.2737
2023-08-22,145.79,1.2733
2023-08-23,144.62,1.2715
2023-08-24,145.75,1.2634
2023-08-25,146.38,1.257
2023-08-28,146.4,1.2592
2023-08-29,146.01,1.2614
2023-08-30,145.94,1.2726
2023-08-31,145.68,1.2667
2023-09-01,146.2,1.2594
2023-09-04,,
2023-09-05,147.63,1.2583
2023-09-06,147.65,1.2498
2023-09-07,147.13,1.2485
2023-09-08,147.7,1.2476
2023-09-11,146.46,1.2529
2023-09-12,147.12,1.2477
2023-09-13,147.45,1.2488
2023-09-14,147.17,1.241
2023-09-15,147.83,1.2392
2023-09-18,147.63,1.2403
2023-09-19,147.8,1.2393
2023-09-20,147.74,1.2389
2023-09-21,147.42,1.2299
2023-09-22,148.24,1.2257
2023-09-25,148.74,1.2218
2023-09-26,148.9,1.2168
2023-09-27,149.48,1.2133
2023-09-28,149.18,1.2223
2023-09-29,149.43,1.2214
2023-10-02,149.8,1.213
2023-10-03,149.16,1.2069
2023-10-04,148.83,1.2157
2023-10-05,148.49,1.2171
2023-10-06,149.08,1.2255
2023-10-09,,
2023-10-10,148.62,1.2288
2023-10-11,149.17,1.2304
2023-10-12,149.71,1.2214
2023-10-13,149.62,1.2139
2023-10-16,149.57,1.2198
2023-10-17,149.71,1.2206
2023-10-18,149.86,1.215
2023-10-19,149.92,1.2145
2023-10-20,149.85,1.2153
2023-10-23,149.78,1.2235
2023-10-24,149.84,1.217
2023-10-25,149.94,1.214
2023-10-26,150.44,1.2113
2023-10-27,149.6,1.2151
2023-10-30,149.01,1.2157
2023-10-31,151.46,1.2135
2023-11-01,150.96,1.2127
2023-11-02,150.48,1.2175
2023-11-03,149.36,1.2374
2023-11-06,149.77,1.2391
2023-11-07,150.47,1.2296
2023-11-08,150.77,1.2301
2023-11-09,151.04,1.2279
2023-11-10,,
2023-11-13,151.56,1.2268
2023-11-14,150.75,1.2483
2023-11-15,151.07,1.2431
2023-11-16,150.59,1.2423
2023-11-17,149.82,1.243
2023-11-20,148.26,1.2505
2023-11-21,147.88,1.254
2023-11-22,149.67,1.2468
2023-11-23,,
2023-11-24,149.57,1.2601
2023-11-27,148.89,1.2613
2023-11-28,147.41,1.2713
2023-11-29,147.39,1.269
2023-11-30,147.87,1.264
2023-12-01,147.0,1.2682
2023-12-04,147.15,1.2633
2023-12-05,147.26,1.259
2023-12-06,147.16,1.2589
2023-12-07,144.1,1.2582
2023-12-08,144.88,1.2539
2023-12-11,146.41,1.255
2023-12-12,145.45,1.2549
2023-12-13,145.17,1.2527
2023-12-14,141.53,1.2767
2023-12-15,141.8,1.2709
2023-12-18,143.04,1.2632
2023-12-19,143.62,1.2751
2023-12-20,143.77,1.266
2023-12-21,142.16,1.2668
2023-12-22,142.6,1.272
2023-12-25,,
2023-12-26,142.48,1.2709
2023-12-27,142.05,1.2797
2023-12-28,141.08,1.2743
2023-12-29,140.92,1.2743
2024-01-01,,
2024-01-02,141.89,1.2632
2024-01-03,143.55,1.2641
2024-01-04,144.59,1.2692
2024-01-05,144.52,1.274
2024-01-08,143.89,1.2766
2024-01-09,144.35,1.272
2024-01-10,145.68,1.273
2024-01-11,146.03,1.2712
2024-01-12,144.86,1.2746
2024-01-15,,
2024-01-16,147.01,1.2657
2024-01-17,148.39,1.2666
2024-01-18,148.15,1.2687
2024-01-19,148.21,1.2677
2024-01-22,147.95,1.2728
2024-01-23,148.55,1.2661
2024-01-24,147.31,1.2754
2024-01-25,147.69,1.27
2024-01-26,147.94,1.272
2024-01-29,147.65,1.2681
2024-01-30,147.71,1.2683
2024-01-31,146.26,1.2733
2024-02-01,146.18,1.2727
2024-02-02,148.54,1.2627
2024-02-05,148.79,1.2532
2024-02-06,148.03,1.2589
2024-02-07,148.04,1.2629
2024-02-08,149.25,1.262
2024-02-09,149.38,1.2628
2024-02-12,149.37,1.2631
2024-02-13,150.72,1.2606
2024-02-14,150.5,1.2562
2024-02-15,150.19,1.258
2024-02-16,150.34,1.259
2024-02-19,,
2024-02-20,149.87,1.2645
2024-02-21,150.29,1.2624
2024-02-22,150.62,1.2649
2024-02-23,150.36,1.2678
2024-02-26,150.79,1.2681
2024-02-27,150.46,1.2693
2024-02-28,150.68,1.267
2024-02-29,149.9,1.2632
2024-03-01,150.2,1.2652
2024-03-04,150.44,1.2701
2024-03-05,150.14,1.2712
2024-03-06,149.17,1.2757
2024-03-07,148.08,1.2796
2024-03-08,147.17,1.2852
2024-03-11,146.86,1.2807
2024-03-12,147.69,1.2786
2024-03-13,147.73,1.2799
2024-03-14,148.19,1.2749
2024-03-15,149.14,1.2742
2024-03-18,149.13,1.2736
2024-03-19,150.73,1.2713
2024-03-20,151.66,1.2713
2024-03-21,151.59,1.267
2024-03-22,151.35,1.2603
2024-03-25,151.42,1.2648
2024-03-26,151.58,1.263
2024-03-27,151.35,1.2631
2024-03-28,151.35,1.2634
2024-03-29,151.22,1.2637
2024-04-01,151.72,1.2545
2024-04-02,151.55,1.2576
2024-04-03,151.67,1.2635
2024-04-04,151.66,1.2669
2024-04-05,151.59,1.2633
2024-04-08,151.78,1.2655
2024-04-09,151.73,1.2676
2024-04-10,152.9,1.2544
2024-04-11,153.19,1.2535
2024-04-12,153.12,1.2457
2024-04-15,154.25,1.2466
2024-04-16,154.57,1.2437
2024-04-17,154.61,1.2443
2024-04-18,154.61,1.2465
2024-04-19,154.55,1.2397
2024-04-22,154.77,1.2341
2024-04-23,154.81,1.2434
2024-04-24,155.11,1.2434
2024-04-25,155.52,1.2494
2024-04-26,157.62,1.2474
2024-04-29,156.71,1.2553
2024-04-30,157.54,1.2514
2024-05-01,157.65,1.2488
2024-05-02,153.77,1.2507
2024-05-03,152.85,1.255
2024-05-06,153.85,1.2575
2024-05-07,154.59,1.2535
2024-05-08,155.42,1.2503
2024-05-09,155.68,1.2505
2024-05-10,155.85,1.2528
2024-05-13,156.17,1.2563
2024-05-14,156.5,1.2588
2024-05-15,155.02,1.2658
2024-05-16,155.25,1.2682
2024-05-17,155.57,1.2703
2024-05-20,156.09,1.2708
2024-05-21,156.08,1.271
2024-05-22,156.49,1.2739
2024-05-23,157.05,1.2717
2024-05-24,156.9,1.2746
2024-05-27,,
2024-05-28,156.9,1.2786
2024-05-29,157.62,1.2714
2024-05-30,156.63,1.2739
2024-05-31,157.19,1.2738
2024-06-03,156.04,1.2795
2024-06-04,154.87,1.2785
2024-06-05,156.21,1.2771
2024-06-06,155.98,1.2786
2024-06-07,156.58,1.2727
2024-06-10,156.93,1.2733
2024-06-11,157.32,1.2725
2024-06-12,155.88,1.2843
2024-06-13,156.77,1.2764
2024-06-14,157.28,1.2685
2024-06-17,157.8,1.2689
2024-06-18,157.81,1.2699
2024-06-19,,
2024-06-20,158.77,1.2671
2024-06-21,159.45,1.2645
2024-06-24,159.71,1.2684
2024-06-25,159.68,1.2677
2024-06-26,160.68,1.2625
2024-06-27,160.7,1.2653
2024-06-28,160.88,1.264
2024-07-01,161.55,1.265
2024-07-02,161.53,1.2679
2024-07-03,161.48,1.2766
2024-07-04,,
2024-07-05,160.73,1.2807
2024-07-08,160.77,1.2829
2024-07-09,161.4,1.2787
2024-07-10,161.73,1.2842
2024-07-11,158.58,1.292
2024-07-12,157.88,1.2986
2024-07-15,157.89,1.2986
2024-07-16,158.57,1.2958
2024-07-17,156.56,1.3008
2024-07-18,156.97,1.2973
2024-07-19,157.38,1.2922
2024-07-22,157.08,1.2911
2024-07-23,156.02,1.2916
2024-07-24,153.39,1.2925
2024-07-25,153.97,1.2884
2024-07-26,153.86,1.2864
2024-07-29,153.96,1.2853
2024-07-30,153.72,1.2828
2024-07-31,150.38,1.284
2024-08-01,150.06,1.2772
2024-08-02,146.98,1.2798
2024-08-05,143.95,1.2765
2024-08-06,145.11,1.2695
2024-08-07,147.42,1.2718
2024-08-08,147.08,1.2741
2024-08-09,146.49,1.2766
2024-08-12,147.54,1.2776
2024-08-13,146.97,1.2828
2024-08-14,146.86,1.2849
2024-08-15,148.91,1.2863
2024-08-16,148.13,1.2906
2024-08-19,146.42,1.2984
2024-08-20,145.7,1.3027
2024-08-21,145.19,1.3077
2024-08-22,145.97,1.3094
2024-08-23,144.86,1.3197
2024-08-26,144.51,1.3185
2024-08-27,144.26,1.3235
2024-08-28,144.47,1.3201
2024-08-29,144.98,1.3186
2024-08-30,145.95,1.3132
